	Sample_000	Sample_001	Sample_002	Sample_003	Sample_004	Sample_005	Sample_006	Sample_007	Sample_008	Sample_009	Sample_010	Sample_011	Sample_012	Sample_013	Sample_014	Sample_015	Sample_016	Sample_017	Sample_018	Sample_019	Sample_020	Sample_021	Sample_022	Sample_023	Sample_024	Sample_025	Sample_026	Sample_027	Sample_028	Sample_029	Sample_030	Sample_031	Sample_032	Sample_033	Sample_034	Sample_035	Sample_036	Sample_037	Sample_038	Sample_039	Sample_040	Sample_041	Sample_042	Sample_043	Sample_044	Sample_045	Sample_046	Sample_047	Sample_048	Sample_049	Sample_050	Sample_051	Sample_052	Sample_053	Sample_054	Sample_055	Sample_056	Sample_057	Sample_058	Sample_059	Sample_060	Sample_061	Sample_062	Sample_063	Sample_064	Sample_065	Sample_066	Sample_067	Sample_068	Sample_069	Sample_070	Sample_071	Sample_072	Sample_073	Sample_074	Sample_075	Sample_076	Sample_077	Sample_078	Sample_079	Sample_080	Sample_081	Sample_082	Sample_083	Sample_084	Sample_085	Sample_086	Sample_087	Sample_088	Sample_089	Sample_090	Sample_091	Sample_092	Sample_093	Sample_094	Sample_095	Sample_096	Sample_097	Sample_098	Sample_099
GENE_0000	12.142529843551035	10.217316423198293	1.7943256303466228	9.492413022728847	10.56754339964365	2.094083621825214	3.2252323335957884	10.083572006533073	1.500160858270714	6.940132751033959	18.656181661139016	8.057390843896949	15.752335132224934	46.9440325314885	4.380999871414144	2.9351740524481778	18.883410890554508	3.962437925434622	10.683209558812797	5.805257323902253	29.94479250790833	3.952851821314737	20.045608650913493	2.741780839063538	8.374777436802836	10.286992491167197	3.788270363121389	2.293059550132011	2.5937093104022475	10.062674785676707	16.092624737023527	6.684864382554292	6.154007889404193	13.192297983684627	10.492178756548393	0.49498278588935946	49.46130693147749	3.8720058883169832	14.834483020650769	1.2547891265259299	3.761514711283401	16.86260190265094	10.766177704618501	6.1974975869463345	44.89597332579897	6.504217935630929	21.156509115093655	21.32620043230009	3.5903957983604156	2.9559145179513786	13.073836210333036	1.5128823732947836	1.131390371862276	2.9809553007085796	10.878719273749597	42.754553242836366	8.88029268357092	4.270501232769077	7.060301490984134	24.680032516159063	1.0965758291570056	1.87447065601134	3.6440927505092047	17.14975170135651	8.892209326616895	13.5075326049198	10.366224493900596	4.395598187181269	12.078529472892097	4.5830028041965205	24.062170355732654	4.342913553827973	3.2415918245517434	11.11230271039004	21.43814829670009	4.112669482046682	1.8431156840982341	4.372511652826745	4.237109238025316	12.37024907517986	3.115863731034519	3.532277744784125	1.6483555235875085	6.955942086748783	9.427747697168606	21.657317800003327	4.837516253620581	0.9644276109928684	12.028817594024673	4.504309114697561	2.832675138586836	29.760477591419807	5.9538583980363775	5.7625734026770745	2.7377433848941566	22.28543991700304	12.268319289691838	0.5353593601432317	4.993430929946671	9.395265046842676
GENE_0001	6.434896125657351	5.027474243776315	4.851823808412683	10.448393238388489	12.945969787241935	18.501687553918117	4.219931770558141	32.309335619956535	4.057735165879896	19.20445571311116	49.86985143310769	6.323815628116305	2.9383102635130105	22.7955428895029	21.094434245183827	1.9123166147022903	4.410355382366849	4.239828756624673	4.986135633865155	10.507143892329356	18.627401264583657	10.977014914813815	0.40809496341460616	0.8577950190234634	4.809506397909991	17.00536634520787	19.926337507729873	1.2189862399091738	12.637299926967312	40.53699218999122	4.258062666299496	6.027463345376145	29.220672442502327	10.234827004056367	12.051475856414923	14.554137530215716	6.954154050884688	43.611064566011805	5.291916725697062	26.099639467147615	6.3947755026928546	3.104553126106153	2.9980091318082347	38.918517503561034	6.104927355266965	33.48692051643846	2.723558705250309	13.694659640499898	8.81822737685727	3.216126842997675	19.456567243067457	1.1275821103204082	13.731760658416146	33.76024489302528	21.998635422529883	35.62400559993134	109.18390517934245	17.002049774875406	4.83443210311743	16.07728414071584	3.125564757376412	3.6348178423079487	17.384094153156457	5.107922672525906	11.30725849489439	9.955831560691328	2.8923647596323105	5.254538202089989	13.062693685310055	2.106156301146833	3.9459374423807683	1.540551662427186	3.5998441344937704	12.81732244806642	31.582928759480804	10.26876515572799	1.4914203120648464	12.105438902005773	6.487905208633115	3.2082261718476914	7.162051849376924	8.857381353205342	3.3911291793367573	22.823261352511487	2.483804837624415	9.121811969363831	1.8858574456627262	7.748454996892205	21.583515784501763	4.492581593594277	1.9107413546753067	17.10462875372261	18.86819107880561	13.826867743394594	1.7415834629762104	5.718572296646398	6.9768996014751385	94.53874105254036	2.6704198064238787	25.871263225954316
GENE_0002	14.121359906705182	3.754961378063301	5.2450537175980445	3.7433288351193594	21.824893962395358	61.69211932177525	15.600353981553276	17.420708168360935	7.4279038542817775	2.7573606988071373	1.8247307213101724	23.754739338312138	17.630069174894096	5.646925904812602	3.6533929438183432	2.784662683526294	8.134552882344046	3.9063868703310636	7.604535327581714	2.113743562750958	7.843070239788408	12.109983393783194	59.64287560501603	3.9002406342054883	8.35030030621559	1.0062840195509533	6.20304464509699	12.698231454352424	24.184311907553717	9.400408816888236	3.2602409920160897	3.0710435218593695	3.8730248660676803	8.974473786073712	13.939429353098022	3.8417358812845555	3.638579044667865	2.2397475715478308	23.881990458556565	2.986994503636538	3.3453792957322843	3.8262434940308525	3.0966996604869794	7.545010533401902	15.176648173448246	1.7312164469601186	5.033062914168711	14.637245225941612	4.277291214454103	6.90897789430287	5.3052219910471745	47.98868122900345	3.9143042948008238	12.314680515546192	55.27222078523378	4.637588127009999	10.483473078037036	2.44767160394848	4.179397392880146	11.78315515055001	4.886100133453406	5.536991507818058	38.454698814501604	0.40373836616127995	9.228438483352987	13.994440850401515	9.176308278197954	11.339777670997153	8.984328048817634	6.5035313792040474	7.730880082773218	10.451128652524028	57.38667283462129	11.527941773768106	2.9555332189553924	25.86375672447268	2.187408058091371	27.006107976754045	39.21539996216576	65.63418896152595	7.5233902843028355	11.707991291038633	28.533330421037512	8.05353292849637	2.7578748445459578	9.111471556846338	2.7895440339445257	5.759946320731687	3.0670531591029255	23.328412047327706	1.5165099514056204	17.686901741081464	37.9043694562993	7.733518093672275	14.386203715810355	5.8362208385777805	1.8304310677189757	12.566393836090032	2.6448026458311196	16.27971284948558
GENE_0003	33.88694565868619	13.621865905988168	3.3125647251136043	9.320848796728576	21.19577887185686	20.748319605939844	13.604087042595435	6.29692532136003	7.744482030914928	12.231890486061973	12.974283898872915	9.529772480018483	28.663881870232494	2.443604226123974	1.80676635559798	21.192382405420172	4.653989046427637	24.264552272425973	26.534661583456668	31.30458599023041	3.8692597988249413	9.589548100392426	6.4263734331075595	1.9677882702605032	12.721557928101175	10.740875139089026	3.4703478729591444	15.786500250739648	15.164441476124797	99.65190009664153	7.364164065990571	3.2320598096871684	3.3228006391970193	5.190519077915821	22.41431555382886	1.1845549129478739	1.6262644030161753	18.5256113800644	10.693565358384514	3.8429244849021904	5.4305394235258335	5.453589257274233	22.76979289274368	9.306386693702635	2.0273449733857705	7.30026794411436	9.489635530546371	1.8852195547758352	5.6313257256141	3.611921892552774	4.005879934963273	10.909284082298235	2.2486574312728664	20.70925259407199	20.567446237572046	6.354494059138258	2.707282605318095	9.21231731331551	10.272893586025496	33.81844038232233	48.79791845507214	3.3744976839945426	21.555059314701406	5.079322788625349	26.545647899094792	21.287463366337516	2.6491724715932867	7.981740506134904	6.69361976463317	4.218131945727072	7.777211865228529	91.06345321345471	7.394103209448176	3.2360269171651668	3.1997711646562426	4.719842279598464	8.666478233288412	2.442063022750291	2.878997070843796	13.072453217192878	11.85358490955912	8.978585383878833	17.92490682786872	3.5010982848030863	2.8017837848688334	2.4802883605699164	14.930825730009998	1.3869486228039787	10.47084909885362	9.940098584035384	11.167401032865989	2.811851819043838	27.431540082017005	13.782602911530596	13.170487402855942	4.919046719321699	3.6403835949561003	8.575221331029631	5.087221229375661	19.48352089060169
GENE_0004	5.846520075035395	20.71793028114763	6.288447930359722	9.905324821458523	1.8632655717358055	1.617092904899122	7.236215914627552	7.249871844555467	4.711161725766147	4.3481148424952805	3.8549476643466623	10.356379038461691	11.172270981719024	96.86902450575819	1.557949956328637	2.859369400452269	4.785084923319932	30.584833474160902	8.945038920309404	6.806301141730488	14.8533185789702	4.261813807849061	22.38033825060277	38.16867527127379	7.7590512903709135	25.22079852668039	12.635494072656389	4.151582551543907	20.00630923999	13.007285787089657	6.232735848865665	5.891561707465345	4.559698385545389	10.365508908846968	11.131942261414249	12.319736865099662	1.2175739626558124	20.097236499847632	6.637250895500999	4.072832510646949	1.1122503807701773	1.9234665954744907	2.249230386215212	2.0955902057658093	2.839317263743293	2.111939153613437	54.362114672366175	24.827303257515688	39.387641134139336	14.615053595486907	2.496399449205476	3.100946129912419	3.9576666044174402	3.827322398927552	9.481178241687143	6.862367057890475	6.716288886192856	24.97709368633256	1.620648379333293	2.860749001482495	12.891305920889241	41.885368934381766	3.5622683901589243	2.6155023417301217	2.851039370673575	10.67196105833197	22.216192134087482	4.080373759460695	11.426959015257907	0.39477129174865444	4.473700002053678	1.1734196405155295	16.153391078553287	8.579395721338203	6.4213279435018915	3.6978429780041684	3.025911851307476	5.126863470900805	37.14312861169286	4.134439203724129	1.8835186252122045	2.6652681729163503	6.9404070301247875	19.888988541516415	8.252657894354307	9.33572114536329	1.9989663416226617	11.069713496131213	6.519681803587091	26.249619959197542	5.965138668310062	6.825131276883863	2.4790078175839776	14.931008131340713	13.162390062607063	4.328596385868906	5.681715730295907	24.084481608154604	14.07666541901725	10.2456722878882
GENE_0005	5.846616062669532	18.751619445552933	11.067920254128246	3.617013126130096	2.8926555628306825	4.552906986716462	8.308901278249392	2.711414990556014	13.774925302627402	3.3438644788370153	4.539762129218267	4.8945533902714295	48.26930312552145	7.839840062904419	13.544898085210649	102.75855033336045	5.42396922373239	4.175581818218314	7.7402698253950355	22.585222745244444	10.951598040891223	3.7749103424023427	2.6119421747743483	20.283689482934427	7.695161011195326	2.204187546379	3.0087719883076214	0.553749814758408	3.466706165922942	1.270279863106015	4.696285845517337	10.669247167391525	2.848154930263483	5.499177798386079	5.80513195049408	29.185107007208902	1.5156798087961054	3.7786990771970546	11.56191984266608	29.2078670693635	9.145790395627541	3.256790301498107	38.193790622698344	3.989391017102849	11.850929198474848	10.62948647998602	165.65686256767665	9.595080615362034	28.232140184011477	32.69578450379206	3.2368138619160263	12.611752106508748	6.143991684094128	17.36619025300762	21.01189012839298	4.70365809392619	1.250762876721858	4.422935586552672	15.651694212580246	42.409110011274876	1.9435543402227642	3.1368775871266337	10.605972833382685	1.4458887502001785	3.7546867571678826	8.56847199544164	21.356816545936702	6.261179523720799	0.5872843963710007	57.56829743928487	1.8729869427143575	7.1543415981607055	3.350469945819296	10.634892027673274	10.050402346578974	1.0315647844168128	12.349486264975775	6.3515620816815614	5.354684822587577	4.0092923427331	13.3640367424016	9.082611590208096	9.422716836398061	5.9468931591163265	3.949878124250905	20.810203439791685	1.4950024797025128	15.117798294283094	17.233964275115547	9.862384775486328	10.798480152480845	5.471397407070004	5.73348714528608	63.74741775301808	6.497000141306829	9.924152730337095	1.4979627696662838	76.9883454659285	18.694805253614895	1.8417224903691995
GENE_0006	35.845312863785985	3.192430301630912	48.724690880659296	47.74023346034547	12.367044922575154	26.23019293043418	26.513787899765948	7.253519968991254	2.5405474025285337	6.639055039585746	4.086161724488708	4.537579753327922	3.408290346462663	7.4927005896792584	2.053551323950125	12.101360700668936	9.226998182625291	3.2144119312874744	1.8967537248110231	10.409567616625958	18.086995873494	7.202627780916519	13.63682569552835	3.7130351980231198	3.6619958470780247	39.35300692606947	7.60025012069973	4.279154963850568	1.782807436373628	15.694991066575154	14.826074889609291	18.422718908024383	8.353413986784785	8.744815200855294	14.477181224666536	6.44014776914423	9.651628436508476	29.7391779689821	1.5359112420489907	0.8731270387424582	7.397968794946428	4.589536903300522	3.002301812657547	5.077421833523265	32.59360255712476	17.9373905201923	13.554560502320317	5.107565443042293	2.01459616933433	4.136900180154647	141.04717731599868	0.5295393829866862	4.036004976271703	2.4795227437089173	8.541083156715748	8.98022541622104	6.816868830747064	3.6041325197370564	4.873467008074333	18.768718309196608	12.013563334953645	4.2395334190554825	2.027611412632767	2.143785864905899	3.4121430514390263	3.061581655588711	12.578716245680829	7.993086892976926	14.615308255514826	21.950055197635447	10.205986946288267	14.020813933251576	3.3876858690010296	7.442289030443788	4.372928781036815	8.194294581098093	7.650061972244012	1.8298075507661875	27.81101343848156	6.733235550202261	0.4944092657538451	31.886921414524195	5.505554514585937	12.510104573947606	12.110391903022617	3.20251951324814	3.9352523934721635	9.27232798265681	6.584877732518215	2.323055584243909	14.73864102522129	2.7030982748013312	5.232218076372964	5.39085147053139	30.172615632762486	1.6532488547093442	3.5288475409072912	17.65019170138162	4.497259739513164	6.075725882094102
GENE_0007	15.917748255147648	5.423750900442165	8.79846973692642	11.867848309928178	12.351604218984063	3.6412627629302814	4.089524119824672	5.536382787577577	6.408469757020261	2.6241516886370597	3.1143150185455695	4.794367599643172	2.1283463074208555	7.212927577288295	42.72542524330251	8.889191706110902	4.577950360127672	11.839194042289964	15.584137437881857	11.666870208987795	13.94570815348218	23.872544174124144	2.5768930700058474	70.2763836265924	3.8079808287481636	11.234832641639048	7.321981611975149	10.933199714390604	33.159645909077646	10.817426352178058	19.207584144608862	3.3095791931218375	37.51265934230002	27.593977312832855	49.396616744505856	19.160953706224905	12.289251557513394	5.754335009195379	2.394639101238786	170.33183987840317	3.2638626923811134	17.714600396539662	13.990687442553869	5.377829764239953	10.54459439284607	4.851258744958298	6.152160871220516	8.528286544921121	16.940927128790236	9.387739228889277	25.65348887118198	7.4140400495621215	0.8141863100050064	17.997763511878787	7.567804835416251	3.461555072821642	3.2121610759287966	5.867774171660515	2.3867453531541583	5.832494096740799	1.5725460772353412	9.064711623333242	13.097093183239176	8.243363660346647	16.948711476691415	3.6247279468698146	10.608558290430304	0.879207720709281	8.382765765538872	5.071817705148127	6.951768086410284	8.35682191954982	21.801631561168605	0.9171560393156967	28.565585208314847	56.944439118282766	1.0319970273309391	13.34776882624492	1.809743261067009	5.81533316256801	3.935805048632337	11.572548264267754	28.690997162226296	4.584079369872703	0.42544199471544314	30.707159050865076	15.36289985448041	5.343772289298501	5.028175082341964	1.948133325685957	9.637068772801095	10.59269045938727	12.05228821266342	2.8834206046711186	4.553433234292324	26.600754410081194	14.18706080343929	19.0832902566763	2.3314900602514292	21.329471180939336
GENE_0008	4.620604839036434	10.290935213723959	9.559643071247635	2.2449797537903295	12.367198511064165	11.516944988713957	12.769983541084388	10.203375126770977	8.333600800223952	4.247585460937205	7.75642574290218	10.962190693918057	1.247672419473223	9.007744981459533	0.9213369955290974	3.13190742474199	25.939220428729094	4.2536479490231995	14.090265672702206	13.062784119089816	21.105901964344323	12.725402016558842	3.9599485759236064	19.722605929920466	1.8173778640595923	3.65095268907164	21.887059370092008	1.683859417811565	5.351196395089364	26.836227687844037	8.07204522948435	32.87421358883098	10.207056278436626	2.700555343721716	6.471230355796233	37.050367028252595	1.5201504313701713	9.862045774361503	2.239102226082506	21.24362412273662	14.285509022897903	9.607666072309515	5.3195117575800674	26.619493746633662	5.402933082178799	0.5465038882183726	12.610195437646428	1.2507767609774492	16.633131079920066	12.178658422788056	1.9134839418000256	10.25557205337849	18.12090414301055	8.774408325573454	5.19962113503667	2.385442555677154	18.456013928540074	24.040146613043706	4.7114096029163255	23.00289660121976	21.817034284944704	2.2207622080653455	11.595341386813292	27.90039449263236	18.181390816757197	24.2092458515407	42.999484397565155	11.683389296356076	5.915198781596127	7.5294278014453875	12.185423830420161	6.598695298757384	1.9163527851264592	8.675384294881045	11.291687793244536	9.750889015838734	14.224638749464368	3.582316536049883	13.275287194943065	22.574789516803634	4.534551392695279	19.336358602413114	6.047514869029454	3.858093364803114	3.136627364300843	6.741577687895095	6.068298131299705	13.349009024971737	12.69119592178132	1.5659422992443175	14.264346556498996	4.316108742231523	14.678055496032727	9.450650879925693	19.20689323404795	3.798391554028935	30.793553443476856	8.420675279166492	9.658551008625391	7.017991538503073
GENE_0009	12.712173066814993	19.600304995736394	6.858948048187241	14.247103296805252	348.1841444892505	16.03275878889902	6.036397222072584	3.2309268820221226	12.359671006259557	2.230268780120872	3.2189328242664437	4.850178552303787	32.984716291111425	6.39578761222181	40.304227665033004	14.884343361834452	3.020410344384403	13.914504951757362	64.28039740822409	11.561823118443012	4.326525471801948	5.100740207447613	50.100518326057184	5.3396954338786955	42.50308847061813	6.988255276795153	11.878122145502513	8.87607912730808	5.749810993336698	14.48598095811951	32.37964812216289	5.634319623087256	5.741075131168637	23.101061321570253	2.7884076421762662	27.52003964310881	18.084194307181573	9.586173872768677	8.524489125648024	9.237200967149274	18.869939205601828	8.967347382907242	13.506721238707312	12.905983754085543	7.383822108460048	9.015525500938658	17.95117236964876	11.118971699507547	2.3437136733537054	11.846142307616851	1.9690319839070662	18.62063062704636	26.439921375362967	12.848810256150529	35.28342683144473	13.77301473663685	4.265074827781813	8.971991156262652	25.975381312611198	2.4441721767704525	4.612985900878044	4.9744722682170845	1.1390375602864693	10.106557533032698	11.602554847297245	31.072879772542688	7.386738717874033	2.773967969890315	57.2176373261243	2.289527931079993	4.333604715822971	2.0153313761735854	4.878248454091394	67.52723779657573	7.686357838499616	7.226255718869072	16.623188955353047	6.07759858766378	3.5368265279473996	8.903248140328778	13.920002382616513	5.829831105160069	9.31701307797052	8.037903015352628	2.3963483050844467	3.041134049523525	4.643270290113852	14.58830762813494	17.746160225419246	14.32565283603408	6.892733313984204	14.230731693371668	3.193467528512602	3.3125555893445697	7.108257276711916	15.209245285854083	4.857700837838996	6.413943206603879	3.2428903950970294	12.220200591483575
GENE_0010	4.648675345999612	4.576002324961919	1.0846190124195327	2.7879828172587797	13.077464879512522	2.924342088636034	5.943622504727531	12.420477405854271	15.053565570056508	52.70578031432918	9.683823624047996	9.87271465731455	14.2159653912144	4.16342475135477	9.12499605557418	4.155206697505842	6.12959301761966	9.051432394756812	5.431534903774827	14.05141018619828	27.58836333815356	15.985766149622508	6.106279080643376	0.6068912189893185	2.1300314920429244	12.914192656588563	7.206425375016639	7.276792328022716	27.887934548931803	6.433662784878157	2.3591724148556485	7.232846790657373	5.518956105509473	27.58066730547518	22.35568540588808	38.0904856079682	4.558250776631891	6.460400149540375	41.78406302498966	6.994373214990677	1.4805892280881117	17.30331258659623	4.288281191034336	2.4315819239674665	2.116137019740535	11.435682967293634	5.3619749843392706	2.6396029069687934	16.756355912447628	7.9721583698615275	11.963568358041911	2.680769949114861	14.175597371548703	2.280524349497204	3.2594919316899134	13.867244996694536	6.574733758267198	4.343957093484671	4.326093379677106	3.2397165404849124	6.72857788325118	10.149792493109313	2.3122386229149523	4.028912997001271	24.13091182364213	5.823430748091544	2.266248620969788	2.3318631816233353	3.762433596729355	40.274675737124106	25.048684190177667	9.325818560275927	7.6448132478603	5.154967079110575	1.7578482504846413	10.19688529851691	2.735016107258868	4.702294721052252	1.794511442612413	3.5550469186175433	7.558183266713158	15.641071444053217	23.243607410509902	7.484458297758525	5.7182300267718995	20.038032182720475	7.724204170799102	10.04830104252775	3.7873054574747766	24.254370382082318	2.2546767435296102	2.534023706204719	7.907712222112899	32.52343051270373	4.02147694866188	2.0750835181969323	15.744456803140435	4.591489843262715	4.400628453821048	5.3722761606290375
GENE_0011	4.637939741623569	6.137030684642352	7.195717983222496	16.233623300950494	23.001642816451103	6.962054683584566	22.170816499753446	34.21755830322374	2.399734024678941	7.65426915739917	7.027014182895132	58.87407250873968	6.989544077047785	4.276526260873595	6.7079063849365115	8.347898367311709	4.760101262853786	1.622966885409148	9.199510974199827	27.91467483039045	9.003375879189578	0.42803829177849206	9.183724792728977	73.03527711634749	3.6954221697510365	7.9725579723269275	16.73941802960256	13.18779129352793	12.887141217736346	2.1721159045721907	6.088127363271767	3.500088734373638	1.5477607226729135	6.566175012033598	6.5510073783735905	15.519968592468823	8.55737095869377	16.623348997006698	68.80663272592581	9.831131898229584	3.4462104995773952	6.440641916349003	6.278977155756967	9.454631983782896	13.524668663507283	11.07062002859275	44.4876381372835	1.9104326106923173	34.39571244596079	15.528583436632024	12.772121622273884	8.05012131419584	2.3686361599629593	3.019013606659718	34.204859502059165	3.3058189715080455	3.913539308693987	11.987646379998289	10.57458645449348	4.020516097126118	27.821153470236446	5.296994560275653	5.567026688567391	11.656968960166491	2.274952407999914	7.736912817545447	11.582251842078525	1.367050710007143	4.937820358886855	49.26868540610134	3.0747580609220546	3.4668140222151913	8.25957060933837	3.5677063208261464	1.9821541018618811	7.3075495307546	11.24801358564273	3.3557036973276424	9.19384319791454	48.932445575407186	1.8120103982333766	9.769524917572333	3.396102719363608	11.939199180041221	4.314374012156042	5.546714465476614	1.2895490287550502	3.2393987758150327	6.95126966600374	46.96309785926808	21.28098989089454	41.224824563104924	0.9802699048189913	5.566586119253683	13.36354272947323	14.423230422893106	1.0897408649649922	3.234544156995318	27.80667473995389	2.638440839146538
GENE_0012	9.411781650729825	2.4440708395958453	7.847776238486661	23.537516123761055	19.182564423067333	0.28901770202350874	16.86796648506678	6.627580805372413	1.5934250664509804	3.670303998473147	5.818555023298721	17.656865773956667	9.776373683896098	7.150960832061845	4.284830150856837	95.59156063354024	31.405338184911106	34.726573518798155	9.481890191782552	8.99367155728565	58.865835070411556	23.307278653997948	17.638212807682912	1.8412184125992326	3.602372781901526	12.663907171544246	29.672110048608545	8.327642212667017	11.65677751829872	5.995305478418453	3.6080868715719268	0.6542666687351679	17.86975782696892	0.8852768137269771	0.8414156180532971	7.968000945158605	37.048231887009415	16.337918925041524	13.985919890646347	12.44255470517368	3.424165013155417	10.918568259231721	7.697681467462415	12.160849672702373	17.85588351005921	25.42625220922579	9.300524153769645	1.6122662755423678	2.4047722337118773	11.968149977315791	12.792816920462727	2.9287490133058856	6.040630935750122	13.426471163351767	12.180838761444834	18.089930016354483	42.04966214787269	2.4539717886710597	3.557449033139294	4.353683602500862	2.0397687251724412	6.7302557276526525	5.469243203604037	4.6688355317326335	39.143098037289285	2.990335609268518	59.50420899950323	1.228885304685004	54.13891818633428	8.64251586274324	40.9372449856497	0.8270238832612314	6.177457104226547	10.733273182068041	9.7865525078584	3.2771876399138966	3.137736758824547	7.337183242304743	20.276686718910238	7.7625301516316645	2.7593823658103926	2.8550497551032334	35.120646766392156	5.648297920085191	16.40922669358697	15.79218010554939	12.118166057148345	9.743503600117991	2.5639764813048695	17.168998287017452	4.099593683519937	3.0152035532257866	31.247676012027743	4.197225165749577	11.129910441663812	14.468076589810897	14.288446035164542	3.7172565152495123	16.896650864060128	6.531626124544181
GENE_0013	1.0905910045854894	2.233999274558481	86.76836636881237	3.252154441025953	14.173744174616669	2.652791173371473	16.668315402221193	11.04206115338327	26.514104108004748	9.152068421493492	2.9815292438205714	5.333333516055935	2.397702417304899	4.291237826069171	11.013657728877076	6.71228950225654	8.99397381097668	44.51729089298756	35.78229720995579	15.014310168987446	3.709185022156376	1.2973013487088998	12.130002001652079	1.4256120824512843	18.082133963330644	2.9426967031902502	12.907522827969052	2.7924827065401012	64.3928334381103	3.156549642555879	1.1427794201314565	17.88648493962318	6.835726823407037	4.023603977843662	17.243265770690616	1.4888949315301823	18.116793320117747	1.2859117846428392	12.192786116736588	14.086481603316514	2.8866506889673005	6.664388803782265	2.7123422058570164	23.107310481484188	4.701631927971666	2.5318400233407923	12.155030160522221	22.481401670897107	2.952042131975309	2.1432804538613066	5.726154602772299	9.538953235274407	7.341026513111048	2.8623758471806666	1.823383471007513	3.929146673322701	5.358891981705128	14.604935367223387	15.76704259726123	2.56880897398125	1.8273773829668352	4.352140911328443	2.20454924635824	3.689163102493662	33.894020815704096	23.873208460973416	2.678455993879511	1.9051342849614379	3.2153579698630605	20.56376701103715	1.2870637873055089	24.400221753443294	10.977193267052554	10.09841226966501	0.8758191788812637	16.831967667819395	8.147167955556593	5.955948222395503	3.174209298245871	15.940127562063248	9.013108426800041	10.16063565639312	1.5992561105996137	1.1777904889515574	1.1510369460817822	5.519246612554628	10.842081863540184	24.421909282565036	0.6077078529615508	23.637597943375734	2.8991097329898188	9.200909493890485	4.4265732824399375	4.612104584936628	10.55893857258955	10.850401370834506	3.30703357042975	1.9144761526039202	8.653590419756258	10.06483276075458
GENE_0014	1.3166388553290882	16.651924950628704	6.0960378979411125	19.363234307718265	5.390999239276706	5.739842945849238	27.261591509407207	14.733797312393671	10.301752351511158	6.603976385797729	4.150499421082963	24.562328862223993	85.26397050398157	3.6224631307815907	7.116138960979236	23.31911303608295	20.735444682815228	4.003669475685708	6.717422118465433	6.75487391437737	41.92841683621825	5.142601390796368	8.588455391864533	20.544030908514184	5.50166251330011	8.752687744796246	7.465949525165103	24.448564478574472	3.882509681333128	4.134955432050823	6.802698108568746	15.438183629383035	6.168897201762481	27.031275475044726	4.32612323442005	5.777306160637152	5.648948107117991	27.230570098489174	1.2201115217614198	12.879082272511438	16.936564115362543	9.634615065672923	15.499756985076395	35.89294243337468	4.617982180595624	14.588245554635224	14.38123529162611	3.9382505675147437	20.443428106264754	17.622139971128014	6.5178576457082595	3.018179024894783	13.447515792708218	11.742400813636348	10.672275381900272	9.517814356447662	46.1804728649717	11.118465755788966	14.66564580745038	25.10540262739389	4.122256360039155	1.625035547324788	10.90235400142876	2.3294619816875555	15.419331235387446	14.373939696101317	5.147634214505205	3.636344949335084	4.262623079136345	8.804709765443096	11.41319411378843	19.26684648006549	14.773806117804428	24.354951245184665	20.340976730391834	9.260532228735581	2.086528318160911	5.094401123282018	1.6503444761417576	4.021976677313249	6.827323059230597	2.7409466037543124	37.69932278812053	4.793333586358165	7.732958170026035	6.959960899691256	4.90714117051513	4.068892874278498	9.029162632610715	4.137052870647787	6.184722413231189	16.311319430512544	7.813585425253683	15.156317223178263	8.014708547796596	2.733468944465483	10.04771873009323	6.849177344132464	2.071102344046022	3.835547852461915
GENE_0015	4.211051886489826	28.68114759119312	9.989627876165681	11.164966970008328	15.783565184773519	2.121698226043588	7.545896017520407	4.946991074969977	3.4956294633906904	5.92410961907289	15.72719258328221	4.9131959038454776	8.408315712879276	8.218849433618516	22.27136743662153	3.657659912914154	1.6727009026346644	5.014323114214843	9.76711885832514	31.190613975883227	9.006177974577435	2.411695688737919	10.64362373434039	84.75395453392966	25.732172897104842	1.7972999358708417	1.9900579673820038	6.305803671107397	18.687224864660998	13.31083552172429	6.542062558177536	5.577119602693025	180.02713109634377	7.222000107216743	6.749488455861447	3.1795936470605812	3.030742910902671	1.4014508367211007	4.294461633288047	8.081525718505686	6.087112681854659	4.125723269133176	4.422859504054026	2.677559668303503	9.639586655587241	24.3494074000284	11.26371627691627	34.25140925237486	9.693885353641425	17.944628769652294	10.256170496966746	4.913070785310431	14.416025773698895	1.882992362312793	0.9048134332387976	16.782623113207716	16.67902200000297	5.4313706773586485	46.92773349952217	5.7038740372105154	20.871380177278436	10.191899227194318	9.501727355193916	1.281679328261382	43.89493373584583	51.481238301213004	11.205962896528808	52.10490746588401	6.378765456834177	1.9411383146429781	11.886825458851392	7.780814131374929	15.404159116542502	2.1004084883837204	6.308173387394506	7.520354305415057	1.2298516439874227	3.566334716469285	6.740642425007704	10.624000371950979	4.140745691610363	3.9240321118404387	5.090237125644937	16.34330718645253	12.91431548005537	12.104293257427543	20.20488712035443	60.21607475220084	13.584172880397835	2.324684156759166	2.96592536744465	4.176023883529136	5.421379405938938	6.31074046020116	7.114300535548608	9.483450146849416	5.7675511619575595	1.3707148920762886	9.128455999816174	5.837419046977117
GENE_0016	2.6836260389870468	6.875675397884106	7.136969384518348	16.811449295841232	3.4115774698666668	37.803863406789574	14.61360539701723	9.24508890932745	34.85344468554292	13.655832230942917	12.193672719124102	0.9625930567289361	8.243250914752766	5.726031927710858	8.28318576530437	7.134994709929153	9.650891223654066	9.834192962036658	13.570475445081433	3.7569509013986386	3.8519595636483803	2.0244914319069927	81.72954670299467	29.496535580803002	3.7678681940556746	6.611257902122752	2.546923950077248	7.190030836229766	7.82256984222159	39.248157653067416	33.56385497813362	7.901010930916825	9.961751488204527	2.720179219624431	10.298315421706771	64.77648926236026	0.8591468634725213	20.74999912154773	3.36092504834703	6.065770530146243	5.671678800669573	0.6447986649515511	5.8790788099333895	3.284263706590401	4.77445706574665	1.24783795278718	17.09764099476458	4.324076263798818	12.826024555565347	3.444276596183905	8.051778561094066	2.729680597801254	3.546021253261096	17.25624682433848	13.811588923750437	7.144818690169266	11.965969275749503	3.194447676091838	6.199297966937381	10.511868670353316	1.6171315384817355	42.731359775323845	6.084416729482552	5.00319292407488	1.4096998259408042	3.069998038949573	7.00129513337003	4.367192368846046	17.128341378866615	4.894815731457101	3.3349007942018147	9.29126478376874	2.75714628834489	15.35406488874033	189.25455667956138	2.786075494279326	5.038874836264203	10.170838660125474	6.77043047938748	10.085613385700636	4.56841451060321	8.929213412412231	5.796772239284268	5.488329456357791	47.30648721715215	9.88380004340126	2.392894930751596	4.3682788077322625	9.602916064681656	17.289153376498092	4.86744723535135	17.330511930656304	23.24354769476888	3.8897044577381936	80.50924261045135	2.2635713633308647	27.671804585148198	8.943406207257615	21.384306048948297	2.887920687897247
GENE_0017	10.11730508649365	20.15662256947157	2.296352426132729	49.24426837405959	5.830958489375215	1.768017075115137	5.418035215725491	7.482690357498777	8.295180091800436	15.76051418812074	2.77998284049991	2.6963895894501024	15.268114342719997	33.24794592768688	8.587449367505675	43.41481036902991	17.98666761909651	10.323850387024997	8.904966218187276	44.74324273172681	4.554492761734522	23.590091858670142	6.9753409132624675	12.986483944852598	9.766851598970321	2.992449726677313	5.445422217641935	2.9058677096241703	9.665784503188776	10.964595924751613	13.8850355983533	12.37822917320291	3.4840971733014445	4.4603403678065865	8.939678975671104	6.197302938997246	3.5996862207392932	22.798736934758576	3.9715339352535706	6.351726821609719	0.9961450849288828	6.460591246378964	2.733685299416719	2.10101831916638	6.916206221271962	10.172132016725483	3.985834949783872	1.3399630546245958	10.387355159983947	7.674766238213048	0.8030804584377259	14.170130196273664	8.020458232062115	2.1543233536633073	17.907712446573438	11.64341649020638	10.68384884458307	3.04444639793945	14.42055767401728	4.177231195291789	0.435110351650299	7.526285531411661	3.470187058455286	8.654275617997248	4.373448654797254	5.063166615915159	2.7668138392317485	8.82642538303356	9.09570666696248	8.43110604436359	11.295381641241514	21.635122000946545	5.561372342912339	13.33539877070149	74.28553511591528	27.207915226258233	6.529112701441134	38.61409126347283	12.785601149635655	1.1166696266579859	14.822821660039255	9.946734172064462	1.1162667166481424	5.7754524374450975	4.564157903013621	1.0044782169258406	22.82619986811947	7.632435640842655	1.0517319508176952	11.219807602714829	10.423406700952311	2.16153021165666	0.43278836218718686	39.0698831244793	24.14933021139513	5.7387231904734834	3.0819556650158555	7.125425131528757	5.075202036252497	22.629286213956256
GENE_0018	2.9801568235315004	10.608292695774537	23.16917692517846	5.781203528872032	4.5477674952766005	4.7586095456080635	10.218158192007289	8.147214572159609	24.029859048013627	4.3470560783258225	8.160719225152707	1.1379268781905751	11.953322004302102	0.521539737805252	5.136581538023267	3.947304505158374	8.022771929440584	14.275492740545497	4.728303099789404	7.098205810426071	5.363692793133341	4.628805292796865	9.034937863544126	13.393296782261434	3.2048104502635733	3.5412155978003246	4.0168089659187585	4.743227204215288	34.071744249427915	2.234722228887356	2.6533239524437833	1.5487592757273119	4.824187871297058	17.12638105603608	15.021038981395	8.35788000303915	5.982686778790614	2.48192276881353	6.245468628878474	6.08052912693195	13.949142407450664	30.653539473802276	0.5698776109756106	5.847300728880323	60.32350261064767	4.462995462671914	4.22786968678666	2.4192935112615963	10.921091515224223	14.633727873776838	5.872029818752851	17.434502002996297	11.673022434882217	12.836593222155637	4.086316873220257	4.408658094146407	10.955014517234059	12.614126495143793	8.150404350162596	1.196495299062667	4.706013418170248	9.255927131095584	21.088062591311186	6.708506379362026	3.5420177098934063	9.313322691597534	22.688492468367254	11.028484066429787	2.028658328947113	4.690092388274311	26.562984054854056	9.247374346319454	24.40438579581468	6.4099627716413785	6.162921476314406	14.363679240656102	4.964538320596584	8.49847922547493	19.098209197514805	55.438545028391886	4.4030937864714526	2.249633996861459	4.68893408491547	19.813757227581227	10.221144904201164	2.4079030377135826	8.623522687129748	3.771656911551124	5.202558739875139	8.227188780175657	10.468196324765875	31.567171347791977	7.267335060313809	3.1387673505827247	15.223296134504825	20.68508896724408	13.84059994063557	8.558588642838583	28.534505949231182	5.504380569518679
GENE_0019	1.799837348121891	3.8762967244531814	15.67289884701706	3.4773267929147513	8.019484470983276	8.421100978822615	6.487368286534836	3.4109478554456487	7.905181902061107	4.1544571059745286	15.66434520051373	5.199105106942875	9.243161901773497	22.010219141104777	6.98003810744649	45.26112779329598	21.444761041765947	55.15815138998075	8.971832909184316	1.7668969949323343	11.292806684245333	10.448974939971226	21.129166741772075	17.346930230524276	63.127035194035024	25.43416058091154	6.128982180025575	3.0501698755596216	12.278327990085698	11.525969055102047	47.18577954326052	4.353357222200312	23.299821723646858	12.76533850047683	4.78034934915564	12.826141283192891	2.7533558391280355	4.899757489952621	4.608532249710513	22.960379426679534	2.139862565294665	18.65688789885172	6.1041705690046175	11.779472223328971	5.77174406562653	6.810580282600157	2.4592237885127073	25.42700046868409	1.961143794566668	5.9935637217660505	3.1537542410603776	5.8437892466850645	31.6843327010061	13.81328670461132	8.360746320972122	6.071061198560164	1.075007266029927	25.25389755666415	27.000942744642774	9.67995602485631	12.829417804275451	14.771841321897542	38.683266373932305	4.874575735526446	15.202795474788013	14.104438537273962	75.19169018698491	8.423834987116475	4.339813769216282	5.9378476698284555	0.805075804147542	18.247307862457887	18.077122482595485	10.367618239765015	6.643659873894308	4.250680818234756	2.261366873578451	20.00772031684171	6.962821768748414	26.8601684080934	6.76599110685941	21.19967330002139	2.612201804539291	3.6256253100014124	1.2166938333254305	18.716584168919038	5.277473134329185	9.237495839855313	0.8038458475805346	10.884845281127017	3.0106919425090064	7.494348963194007	6.647103809953293	7.656585092975283	8.26309453326286	16.39050046506355	5.587279727009582	4.383591782392379	26.91665633291755	31.58731276286489
GENE_0020	31.99721183737195	10.605742561496045	16.297829623962063	3.035832146753834	74.78808393989064	31.226693473046655	8.141675262089088	7.572400879196013	58.0176877279468	5.61223088584225	1.3917956095042567	7.52641158575387	3.351893950883226	25.68957307109275	10.052303064434646	14.995526682450619	4.40487353651845	6.190728518027746	21.620279713774526	8.39893082416642	12.463887810883099	7.050365229751456	22.320955214768855	15.782923900396941	2.2533130074203327	22.005889467364526	7.81972920074679	6.21554828111589	12.658084210112653	24.450031069240364	25.054005013389908	16.350601401314925	8.275260577850313	5.818647816589472	12.343206097905243	7.718364168969003	6.480145947725508	2.4456118365359605	1.0209159245627941	13.377266311530928	7.8454412472267085	19.40241386948655	82.48491446186439	19.83274811396244	5.163733415352263	10.461234613326438	11.467319768221502	6.322418582539009	21.0587827654014	21.606151110109966	8.80404626729236	7.677070238071534	14.946939151201425	3.6811609632450133	52.15173413645963	6.014303621767721	5.590767664139806	3.906696972713568	3.6008416593173633	1.0917097273917948	24.53895242095231	2.0764703464723895	4.555970252007329	2.8698332851982653	2.585345773174326	5.955602436157196	8.990167310314863	6.8384188270391	4.025485669365832	6.743644073153411	12.215978494660817	5.487747056788967	1.8722493117078485	20.68600700516502	19.99698503623378	20.122223552880453	4.9535323981651604	1.8400230060790081	47.25239378601078	4.966943613589002	64.71134850647633	13.092064434551428	4.024310752638544	1.5796396979425522	0.6757337075345203	6.474448376244249	7.243658269539315	1.294051905045087	29.069837007391385	10.20814042074152	4.537129879697081	4.069778567810663	4.694368563782405	14.18671767130006	20.229808815609623	7.5020997088499	6.307216928636275	160.27007647685855	39.00667682601257	34.08126604711514
GENE_0021	5.8957025226221536	34.39931207865813	2.9760965079904045	3.2680377065218087	1.1419471222554334	1.7579315264557636	13.39869113155981	12.158132546252721	42.74878792901657	0.7393963530989226	12.722348767257461	39.50539766330512	11.839819177113606	0.9292381404264944	1.3362024623972395	4.210297137177487	30.245500819811046	3.325775085826666	2.6471529410477244	3.7394866495433905	4.163266556467077	11.905980384784998	24.216405230083268	9.788335522621603	10.072618575614982	13.58733516369806	12.549649719064076	40.9236641023286	21.59598326210792	4.015721754216897	13.22485089854375	2.1079387553773463	1.7536897934773283	5.120108284710608	5.699926741651571	40.24762679175572	7.97930953241946	5.960050592473407	15.609976922039976	0.39047605333665597	9.751069174865268	25.435115564985967	16.193408680960818	6.848632356518179	3.866919496625319	4.53929373914279	16.10188753813664	4.270422222541608	23.797725108386384	78.56077229362276	146.2414470369798	1.7356961729970526	16.265668951733613	13.22391016393398	4.45600799011905	3.502306156807403	17.204276234163398	11.685943433110134	15.564696625287993	6.898927425320243	4.649867097065617	40.549143494435626	4.006159624659969	13.57522162542607	15.760316226118691	3.0865035392745606	2.991969033414343	2.2360395353067832	6.839939966558122	6.814968903130829	0.6106258767695963	27.43950432053129	10.50109881097214	17.67790191193914	40.57583165471579	4.492589050944505	9.672576848203674	8.6517485004234	9.246404234426052	2.4540267812749477	1.7794731958566805	3.6519875892702394	6.441033664917225	6.2925656465162545	17.197678018498046	4.376584813182577	6.637498988584471	4.280022220061053	2.4941435852695357	26.67740252979623	21.635446358310034	5.478428159307687	41.52213031207178	1.4458030188319135	12.403699518640478	2.787634604073249	6.14811854174179	28.792527745024582	10.026615692404285	6.81382771727103
GENE_0022	7.905258766714606	7.129021306863077	30.047946151335346	6.840756265032991	14.676685148637143	23.645285540142	3.260169920152789	31.536437009511086	5.760566678317156	1.6238647200393805	3.809036389675053	10.246409727772415	48.52234902646898	5.245194929176604	1.919019882610082	13.90721456662589	73.61863036184643	1.860193978838569	8.439893365822883	17.126783915801486	7.21127236320301	7.979070221366473	13.995421242708913	8.20054900576736	13.926268557307417	2.4785835190472283	6.886074761877081	1.8740443642001428	5.129700474582398	6.462284114051523	5.891531030487965	9.9101346166174	18.526996424425107	4.994023267592594	15.46857398392884	3.9643846130641287	5.901130945332606	5.430144341463916	2.527566480058109	14.237805365707297	28.80815756555866	8.074069182613176	7.248101846168217	5.366374156007903	15.552042360313076	3.759522372860258	11.678772365141324	8.671295698782124	5.874431303449301	3.366972482247981	10.670486564807685	5.475717689726325	8.03515771847288	9.587328353074273	2.56277950321933	6.191800005325207	7.036443209140149	0.9166523286340662	6.081812158069179	1.8807769470317377	4.8967581929124595	9.046055410240948	12.075850905400365	1.979547097792986	29.094121515576294	17.839364938910858	1.5699432542960303	31.52962399823427	11.311768666033586	7.7854646632383195	2.813235365030002	10.183672739134806	1.0220135506280705	2.3560363348347892	1.4361572103077989	3.3804083218815766	7.064674690669666	2.466084526771825	5.225620224151508	10.460033003096536	1.1596952654704233	1.5879044699462366	19.255401417136373	4.55318072307755	7.3480847890542105	1.8991871612030928	25.035201548478774	2.479058372704619	25.930078047066207	26.977025188340843	12.13871725949887	16.591977068304693	3.0424726032161504	11.94437553922663	7.58524378561691	14.091724527981302	3.171887686966398	2.128585128142048	13.295048860690919	2.6954125366033628
GENE_0023	1.777578089230018	35.32686263897911	1.8187490638351507	10.393202376652617	1.472974946441941	7.465056958379552	59.8826776619728	19.283905306957166	19.522564510248994	28.98777726278856	13.07364888156082	5.935192553097104	28.372490919718206	5.09652601452825	15.53761866322882	19.541774371414213	5.140557001057191	3.5575423667908934	3.668853388543444	3.8473169940393923	62.9455683577487	2.048295073817709	2.356070260454925	6.940729415546679	11.1763405993426	5.384861282554226	12.019155200612895	1.471730033193165	3.1924553810903764	7.498388979452589	2.8308039802690326	1.902974513410765	3.7880671964476176	2.9375908759973735	13.672239784369859	8.976476696214863	3.857415575375517	16.11354998922538	9.386259495878626	8.97763239756132	1.996068709473851	9.000820207996624	5.680897159019171	8.599963785384045	6.164307648750513	7.645768958297546	39.42863911509429	12.204231503693066	7.074685924068608	1.8569872136253145	5.4003853591393165	7.027249538458186	30.279143591796377	4.310949337607893	32.51376058893795	1.5704806219394336	1.812686779500863	4.118060373358358	6.929667435129564	53.90784416965776	23.42727013611807	37.782910570564255	5.165338409910288	16.055121798540583	14.808523099067122	15.1975672020474	9.563712430385877	45.024043344891616	11.22569958916438	2.5584329281140574	37.68139099013823	8.971491543784685	7.744128180415535	16.77950475763	1.2381576821950606	3.4566395282978757	8.86845883194839	1.687207967459196	1.4746676478294523	8.058260379502105	16.17698680687001	6.392308181438803	9.093895383205814	2.811599898577528	24.011015153821894	2.5099521236635605	2.517637275259652	8.459908414855125	19.02720207972176	12.733296730094086	58.85430830974113	4.118729360504844	15.987324303627489	2.5725363645857557	5.45447119310746	7.533661945162461	7.285609010994892	9.326577195055055	30.39223926031348	0.9176879428078583
GENE_0024	4.287128988591921	0.5380815749088899	13.28794314727113	9.74438088444801	4.609263736701845	2.7690141351254463	2.701974004081164	63.63619788081277	14.088740743849213	38.28153685481456	3.4443694125467106	16.935391116880815	36.34972456472976	1.8084828787803517	8.765867074535025	13.760607238235629	4.732707640616283	7.14828899825988	24.41131193898701	4.729486180960977	41.57683536978892	20.010693775765297	37.84245166178153	3.4765325769614464	6.139309896419203	24.855963409221925	7.881154590787845	32.174374974888266	2.599166472111914	3.37063679656235	5.0926240283808895	11.78031575782661	48.100750322842586	37.1653059172331	2.899566659172456	3.516722381826765	8.746509197986434	27.39358182849412	58.79652001589178	7.252101170902882	0.3607708972320054	3.9842460787351284	7.556936572653245	3.2054647843293944	3.8598447469813797	2.4911739397917607	7.347822282084378	22.587548788693866	1.5982231764430552	10.012342636880737	18.57471973087589	101.5745580640009	11.131320437700504	2.695126968652653	52.593218760562394	4.52151110327805	7.01180775016869	7.163087242266745	8.099096274855349	18.381830835622086	1.1391225810369419	3.5500688741779474	6.42761016301616	2.7122620216756657	9.813421834974228	2.9556715958553323	22.284187435026208	1.3734712657522536	1.2510563143654676	3.60738758918769	4.129754518588394	2.074953847544283	49.292257337942324	6.926200503587877	3.966821698914646	1.2572558472846664	3.7806078347414824	3.5276382376594513	5.682211353033678	10.545180686247614	3.7485044185279257	4.730620066232921	10.05104544427713	6.200447978895136	1.8712321376539909	0.9784372333752939	3.446918904483425	19.9743185416594	3.002393030312583	17.21537487400414	24.04983591197344	3.492585561808698	10.551339183659964	16.823601989810946	6.81470421626075	0.7259199018817992	6.940347031991001	4.022863075884468	11.558186075743864	1.6954749820472335
GENE_0025	8.255854538575212	16.808799085307513	66.05287950205583	16.89779684172741	21.954027260347925	11.729458222555225	2.194186553568929	3.4303161780257483	29.03876198078995	5.760152559858654	1.215454279294338	0.8096645045682266	4.4317047239534455	3.3945911016239023	6.147322761149221	1.5369121100180851	31.607185282964295	44.458575301315406	1.6109323249569456	1.1167908601780268	11.430939491652142	4.509757654103184	2.3482129850355644	5.58075975052684	6.489459856861723	8.514042963744203	1.0248368545671545	5.993504640068305	1.0342157506177774	14.129720753652451	21.949593493781197	7.130337137730529	21.75944825449262	5.353119798147806	21.888953784577627	1.9738332983333036	11.495327512782888	29.83504802889636	2.9464922893665264	5.010228620605994	8.880426141441296	5.386668711166211	12.770261086988803	59.712341342825994	27.696444076769463	2.494715940240332	14.421810165875947	31.45315291820894	12.35739607162356	15.204060116721795	11.97340436466542	2.4303443964051263	3.123368571741528	1.0380815106801191	7.416414147584753	5.5573673983766	40.61370276756786	2.975215826289564	9.509015954873226	8.213291784437772	5.010216986397064	45.51590942612048	15.481614393732544	3.4818534850525706	2.7514461855379664	28.65829130463659	11.883700395005128	2.6537438302461887	21.41177464052234	2.0450366974560317	2.284437984822045	9.844922640367491	2.863679346275359	7.947632598886542	13.233315920247634	11.840695631828497	23.848418734977745	24.334603126839937	5.278347390959712	8.94931860791016	5.375020953100477	8.27418524877397	2.4706483625520055	12.079449825789597	12.427380454761456	6.67733717312755	20.82809699146945	14.097622795615212	2.3802726709147493	12.355021163937947	23.203266555337645	5.920751612549377	26.089143045937764	2.821726659222272	0.31023483504639987	16.161466961872296	9.404988579080317	2.679205440910761	4.476161594395149	1.8704240597938995
GENE_0026	2.337323386100491	8.061076176299729	2.7441288750018504	7.4857550800206045	7.879622677012404	9.01653122787484	23.526110124565474	17.67799483947297	2.8153217104683375	13.151778058478689	1.4512968878684993	9.352227573764518	2.7466862353304893	2.4337277965860493	7.526528651535617	3.57106126304033	35.85819548248085	4.4034516573232985	4.2252488256857745	4.7006165490001885	7.675270047284399	1.5580236099421476	10.000503735136903	1.3593996735730454	7.7199776733478025	75.13823421841556	2.888289926867056	3.784551028926037	57.75483852877815	6.547294110503038	48.64681339813789	1.4694206156656455	4.724104902337698	24.957104242003812	4.323375897735343	4.00775369717941	2.483331294104763	4.211555148472881	0.5884357566884275	22.739709649884443	44.7240407536782	13.677759913475771	2.2686550903266784	1.48043945518738	30.557281509900033	14.575955433057555	2.4801005999761503	5.156362320384588	13.092734286395709	5.8657692102896055	11.246921991415453	31.950161601236843	30.065248507302975	10.481900913280832	20.317102832579437	5.719150312001354	25.710300661103442	2.896472522934534	6.578264500850956	26.146273554348223	8.939001464381219	16.041121100383783	1.0948790630794574	1.7044028407952216	3.1681538415695782	23.81221559257279	7.371315315082262	5.585587713114263	9.512139700042512	19.644856526719558	6.062136350339197	3.2157000614909452	3.20809388190301	7.950199248063658	12.144465972450487	1.1839485979924178	2.2792049213534584	19.10625615245495	19.303854602023083	12.258762523319016	3.3832731276188044	5.139127607241969	3.0625438998018155	7.320740165978247	47.88574402233254	4.061540842284149	4.073347181634404	0.6895891035604746	10.489452373125442	4.659137140292392	1.8443583690304612	2.2774078475596626	3.7916865314635655	14.772524930257015	9.12119511942764	7.21215044958122	8.040611565774299	1.9346528967686845	4.71834056926346	29.325857267966807
GENE_0027	10.758520210230284	5.479383800833548	4.19419853992519	31.61191407283954	2.514955782963965	4.054320581960216	16.308112672457913	8.87592012228863	14.673621998323926	10.087027118641792	7.753039396384708	15.972447297107838	6.515689775155256	42.61773339029268	10.460243163568762	5.768899673195708	4.380399686482802	9.242273929461097	10.774819402543487	0.6545028582098522	8.331398478972543	4.8157164953736595	3.475450635816065	6.697004743335006	6.378914860767664	10.949763297852279	6.397532980647042	20.90325079687811	2.451724450417015	11.240602473868254	34.57889511808108	23.682570471874246	26.602797029248	33.82891979590831	16.577689714331395	7.1203950109542635	30.293476119525508	5.994114830321759	5.551098178140469	19.058752828678507	25.50683238492369	24.628010592994006	22.518150990179898	8.888342430647315	4.053482686791293	2.342470085788799	5.017341930353306	1.9619763634865162	6.9435209197096	31.603272119609276	13.5562892809536	20.022542693023297	14.84856566753538	1.54526779996197	28.260806503145417	5.803740097518028	6.9448195325448925	3.7894483087727466	9.15878184208447	3.1698492214108343	11.579296526411875	12.846097720108947	27.61343210622095	4.4754094874433115	25.780513227822023	8.451099043642095	4.098939772558605	2.8164076928014175	29.50418293184981	0.8997422533502082	58.434492364412634	3.902889879474146	15.863641324652283	6.358274345436858	21.536979943062008	2.163129830970355	12.031886056046483	9.421598082791256	11.733918021436791	31.415635014679527	5.698482203149769	0.9925708726635385	44.644227620596624	10.044056561849454	11.242549115155656	2.81063970093339	18.18383617710602	56.94407540301944	3.1761696646478117	15.745658475339336	15.860953776545381	45.62901955883769	3.550296428105968	22.327811777108472	4.533634428363331	24.592739275818275	16.411700894555654	11.38408913674683	9.379767292174249	8.296424071660871
GENE_0028	4.052610778439395	8.099163433545773	8.163323396862083	5.670873525238041	3.613570315777503	7.923254831601832	13.792428981051533	66.00978134335885	21.293981771431852	160.5942196190052	9.580430244957888	1.684407305114663	7.81249919707953	18.834275845906333	4.306994459559154	6.859033694116174	4.854048907207488	7.268697422722176	35.35797716406107	1.5160331845330424	13.646976192480446	33.14062232983676	6.930012752633739	2.7494719989138545	19.372976223339915	8.953541178990303	2.204069131457745	4.032491649692774	5.922427268376477	3.0419775755562024	4.531942149606612	3.544540112940092	7.907846627559429	20.051639042117756	10.668412935137923	4.810003325467138	6.695340707662564	1.3724010646766198	22.21926343669739	3.4113985261109367	9.112612247918205	6.427294735673087	15.110370791205597	55.90233885286135	1.1427756097826087	14.386819873791648	14.813482674149997	4.886786054700241	22.745182389441204	1.937491703703573	57.774272540436904	9.782904313090182	4.744357318139315	8.128238223833907	3.516674390005384	6.946485165994962	19.13366362345038	9.896614493743053	35.806092395106894	12.723865187175566	4.437953322687167	9.337368378539882	7.946094295240376	19.595745149830748	16.108530943187073	8.001250663319338	2.4789531826154287	12.255386485604964	11.52130957613379	23.419999652151038	1.1833125517859486	3.269458489595204	1.5796423881237776	24.3299352898681	2.2262141933118045	0.9271981250904346	24.092271223925998	1.595679142224333	2.271932698696083	13.041064741603773	36.544771015740274	5.011088022602292	3.542380522891824	45.30456040053234	9.743315942823985	6.902451061516646	40.42449782539753	9.927214653973587	8.186485150200188	1.8321770986357533	7.006884728193426	4.19379230276848	22.110882485374873	17.486628893097578	36.33095011639195	2.471263309334537	18.606455977266066	3.7382581398561285	2.032849651807282	10.90917877244451
GENE_0029	5.5196047264987635	1.0125086725051986	4.466139307725082	112.18722939364527	14.579227606383686	5.026311440797596	13.85083485649933	3.292679643732079	1.2728525874998482	22.63675497195462	2.991226113932573	23.190762776621277	22.0693886297929	26.352287806491095	3.392934817009575	13.744958434268382	5.574571152892707	24.249433916173693	6.918851162911996	15.806395808715862	2.6570259537663086	17.29161569489834	10.265229526247543	2.450790640204028	67.39177660127092	5.424271126280698	13.462778508533969	45.879101737384396	5.602353067501875	4.770932124146269	2.41182221283729	3.2862515311420015	17.33579909232134	4.798866226888152	46.44104583897074	3.697211992692377	7.529658003698433	3.300684705627325	52.37070940511684	11.10118974850611	4.519330278388359	4.710578551266599	15.15280594516497	7.43947174687392	20.237021810385883	11.735181466173618	17.272266293641962	9.585777663412916	5.290552956360582	14.774734935028034	2.384791179338332	42.889218794344096	4.574544050191972	5.677731583817285	4.5480299657057115	11.93459729954799	5.12173362120633	6.126790140671697	19.7954019426865	9.02330282333485	7.6479758014354395	5.763076126684292	4.896432385967055	12.374378542971302	7.106291231333576	12.859177658954428	17.026165814689143	3.5670103129846367	22.227337666994494	29.557851101076963	2.5823248255377185	2.5440697641092087	3.9245236080193933	6.79564550502009	0.7289545730547824	6.779682739064253	11.9521131185473	6.072190108301745	8.778050869930167	2.586600592566983	16.479685797569637	5.443274930040823	38.71426946330598	5.244191789912012	7.452548696688974	10.633087809630803	4.944149572614808	3.3990665829596156	4.559315074084681	21.197675984492342	4.258931028271033	16.97288017106013	11.305861503218976	9.500236074433438	7.533381947609093	0.30829325782835293	2.5840984322535046	19.449590658844084	6.402836431686067	0.8021810014905857
GENE_0030	4.048285215066863	5.931802395835836	1.5672720635276813	13.813789712435478	3.559547280159661	8.27730427927013	7.299115870235223	3.190820704416577	2.2631134259477013	6.501821760760233	13.993493320769504	10.365639142258216	1.360068913676551	15.205725948335264	8.987594657302482	8.825991969101793	1.9262006526373059	92.47445330375919	4.241005864519704	16.21278548856015	5.712309813226568	5.214002868122241	10.189494264667745	8.845369936962586	4.231295517128491	8.444715868722566	34.14959861442246	14.554873286783767	10.048332474561017	15.216515101126955	8.506973568089867	9.030151974391346	11.997914191373605	11.06437060566489	5.909339217444923	1.8106439153119496	15.00246353459315	19.391825922880383	2.160739243590657	2.7964290541961017	16.562193478841444	7.392958246536027	11.455566153358749	6.11020891556124	3.7261300473472394	1.3154690199598702	5.507071823067851	2.818602159088213	12.995536156173142	4.031502677312649	11.865464961960182	10.719939078029409	9.940084733615608	14.5725959529513	25.301774032952462	17.716866122247296	1.344642815596866	0.7880204534352787	17.622114033253617	9.621691504924259	0.6136519590964803	24.545576592480195	6.7582626039954805	19.656775971477128	4.865115489641002	3.1214477909270864	18.426164189268444	64.39629290114256	11.781674448404925	5.4620239780461874	33.030510111890955	61.85366807220294	13.415907605142454	2.411994193724553	17.426886160649	6.357781779633834	6.034396037680816	9.991153074790821	14.462096201201119	28.863067962782115	17.500396046237835	13.924655206796638	5.794671573784367	9.760548861416217	1.5359030939732834	59.93124162701107	14.604976496712368	8.646269177907701	1.2446340930248156	2.237763792336428	8.740919066880329	9.110887105533587	1.5762721386280936	5.863220682127359	2.25023933228757	9.767727686967135	17.61538205231231	19.961036822124466	22.121436554309312	2.2300713283836098
GENE_0031	47.10024414285001	10.560414944699348	7.913443125997207	3.135668671179892	9.17478159760878	14.32678231162559	3.0124256816301345	4.057663659111567	0.9615274379412491	2.8418622508158964	1.4028136050476416	4.877886764912391	34.10862618022217	2.389175264517668	2.7777110420599667	1.9438210343675497	2.9486518134968667	4.345458284201116	48.4802776786989	11.307402070860348	1.3929390315696288	5.2108463807050445	11.267480604735074	29.725411508844893	1.8779805433350394	6.344131190752613	24.99715083309528	4.536195167543801	16.705486736175203	5.089435129636117	1.2605657579556233	23.304287334768322	3.169720282411925	7.2124189447566796	5.210538471511634	6.79980834598774	9.329823817715127	37.17300491597219	12.142348559669314	1.8596379815589277	2.791150287510232	13.479995193638832	7.535435728611044	5.1683556259808165	16.291208380796398	3.752549019748766	6.878500985159613	2.837289188100492	2.665350746913342	41.23873176819511	2.925948992717063	10.904321686633455	11.742148391937343	5.462761879010235	39.84569139081224	3.8583312569623356	2.931557969368384	0.8862996743758493	4.685443026514294	26.373336009182967	3.825738756814976	8.502496870645533	7.116594817262293	12.45525404996346	0.9745223035618334	7.614326047626382	1.575023532300679	24.30175559254412	28.395360132472586	0.5470926634847265	47.35641749178424	27.975777933753097	3.9185204734315584	4.985183155337699	3.2278094781748354	5.32974709022976	4.3566479956409525	8.806906379932315	34.05685586738994	38.11525377234625	1.7927897823290506	3.6759085455495506	7.405981141771337	4.440587277483975	28.662020982726084	1.629244776969204	2.331024146036861	8.812664393118762	0.7941618325868386	9.83358223896799	19.01468422491443	2.760649421009143	4.308953148079864	4.151959633628338	7.029529990259229	9.890390969785983	2.2561584653229536	29.192574681625224	0.8259229000469259	17.94084176124001
GENE_0032	7.289994381172695	32.39143528317222	2.554090741818659	2.5322481422258973	7.7335796431464825	36.09003599945569	7.970956978619932	0.8834719607282083	5.644000742552202	1.482238847796152	6.916571517117732	13.91241860522115	6.309094105949863	4.373133209247586	11.114524380412096	10.807040836325244	2.707049329070335	4.5292689984672	1.7366988517166118	2.8095486758538963	11.014616049687808	5.356790180510629	37.10349867437798	18.51010142428482	6.764700249666863	15.000877159441666	5.968867011464798	63.89928763923147	17.46979672399738	41.55275610007739	10.207959041322772	2.6756121118250973	3.882386988444215	2.993065578543558	7.246947850667821	1.6409570291085964	19.16597619568322	2.1503941009735774	4.639884822625002	3.9482907960645734	11.897850688062723	1.7439369701531522	14.481344516071463	6.1694415188533736	1.030347560074639	24.388443743740915	1.619514241443481	10.420634026529552	7.2170613089325215	54.19102764669118	12.877899773829752	7.006787674258569	9.000609215273021	5.315102058860427	12.973137327527269	2.2184286825255177	35.26492234119717	4.02745564165664	3.0366628683089547	15.371145802880843	11.62907831278206	1.0334784995719581	1.308391730771942	2.4505933317706674	2.532349635186894	0.858658883589985	36.22824191936337	9.139210750896897	12.456600412180892	5.148417768392741	6.66299295141136	50.41897045349735	5.835908854813612	8.834766856604157	0.9816819878305896	2.6049729866133267	20.82361441293343	1.169067493028582	17.948453718617007	172.7865010702476	2.3369490723947997	39.59388445470991	21.549770357531298	3.1697105675634836	4.011408233908877	23.55601126491056	15.716848629887265	3.7929773192237826	9.269081100405552	3.173534787492967	12.192629026620809	7.345187161515239	10.874087374293016	32.17001124554562	2.595758884582357	1.3625097076267472	13.301221699810842	3.150664030408385	34.27725798613695	9.843133567812881
GENE_0033	2.5658481097424084	4.400551094038413	11.864994550969802	11.970824709618578	3.8512572460006007	2.1429523931017096	3.754061379616473	4.367736791711704	15.143058706820918	9.056327057970039	2.201158472627538	71.57120711365648	4.821663196478692	12.053734889253223	1.3463758079240158	13.607018765087847	3.428772875414626	20.99240859871734	0.8197089369944253	7.044792165050203	14.11440546045341	58.953440220620095	11.629375892603537	1.5364881594515314	97.48605456332922	19.234437972866008	32.80976343671529	4.032090907414465	4.12440827672806	4.954834736676138	6.3750849325031265	7.859160937966392	20.696421637641006	10.220129763612373	5.45656907205925	15.800727190509424	9.846579787612718	4.085874334762007	6.6462424223452095	17.50337067500376	12.2493167407102	0.7436528495282084	13.353975539576735	29.16147458663468	18.040105059219478	2.769964402019909	5.170507257062942	7.038166165834775	6.206801718476782	3.4326872601910536	2.9485498951027567	25.117602179812767	10.087617417638134	15.36159716312863	3.065423235560347	2.60636254341131	5.6181752252797805	11.677764762981878	19.2074948231588	9.862341971006595	2.766840251702034	2.4176924163556315	32.94825259266649	5.30797695909678	49.969813201676125	17.75124484372149	13.119126727464103	20.63495047843631	6.699847423710481	6.929695263480292	2.140302763876	2.175165993424629	15.551944986405092	25.259814778564134	8.542585775263706	2.288201748823083	1.7807329954536975	3.0333940828887997	15.813225617861255	2.40249064203589	0.43210845911386714	1.0923807069999287	26.36117864269239	4.116866626982203	12.237233819236598	19.55246882398286	9.019816462115688	9.00623096599864	4.214126161831533	12.85058046988191	3.069535350936833	16.18367113548416	17.077541223815036	3.6711493221279703	11.862799552979892	2.7773589388060147	13.732136072537314	11.886051986476966	22.700210979679156	6.377618305511653
GENE_0034	16.81960065687278	3.2920365884525546	2.9463754849269255	5.9093581099044385	63.05101050505033	62.36681822061564	19.591968922565044	3.4586119513395936	33.19359886612842	3.468246915814967	3.8503493798596757	8.86283113754835	2.6855770598535584	2.176835444298293	20.679763994681075	12.93310687226033	7.1371612453810185	14.612706955791506	11.473206530043267	7.362484626613386	4.5576791594385915	10.825835487803342	5.788327355038227	2.7466221934845416	3.3079393148627108	3.3669609407138097	8.573426324504526	15.519470113631654	6.251855415758906	9.250565878913283	4.636517279681712	11.345446798708398	5.286860904244219	2.2726810385847487	16.443691396808937	8.024021683082843	4.005076275307478	7.19649601544647	103.99505469664963	19.165754091342837	21.332034446099314	4.260826478529393	5.185982377703764	0.8090764141392817	2.200815713968353	4.644091366281229	18.000205302395983	7.6354127343729	9.256332593951758	4.265002913626266	4.867756660942739	22.11971370616003	40.445580313329145	10.330059355860579	53.896261290655566	4.539410141375199	5.792801468663298	0.4735466532373548	17.743988677943733	1.4121488675243419	7.83800408996476	6.135884544528962	7.70081087895796	3.386513313067872	2.0534974836078494	1.550390411431665	29.951956415397234	22.32931578590479	71.69598296525426	2.6896250037106295	60.09000381351117	7.934765095201633	11.263259800659226	13.505468600625596	16.33280542854193	11.7560718880411	2.8007177948192843	6.930432602462792	7.846644550484466	9.42044203974525	3.2891171290008323	27.417116216644594	6.613992229621479	4.577904810397297	1.548002969471203	3.390262190131549	11.858421403751855	4.025011276090189	4.249962600800108	7.142585131602715	15.525113112039087	6.121080693948875	3.7463024746843248	2.619370250377547	9.884297277760966	116.18894982435098	1.0927343230578568	13.907860955418954	4.665688370927832	12.998609089215877
GENE_0035	2.179632642592645	4.473821461199297	34.811033983546054	15.08952046722263	13.928248197111783	1.0490785426856921	6.378561607050314	8.588239664019742	7.957340057812278	1.7820177512207211	7.747720501920225	9.470868240898414	1.4121923120523125	15.074407376602833	11.853195366497795	21.775396369927112	9.339145245076544	46.8385848447634	4.472492125037583	2.3201580556835544	35.65847203222695	11.359355155384844	19.377007219288526	18.9304396120835	38.0582090746426	1.9518293215592815	5.274658979740786	9.96712901788086	9.801936326424064	18.77621354675269	1.4997477581485887	14.77749783578735	4.93499439321426	24.23212878704019	1.4676894941359078	1.7202136539693713	10.606887191790001	9.778256134770979	1.6438312931090144	12.342954569641703	116.70624357249964	2.1799186815976674	4.163675538564742	34.24134052302071	15.344607648631627	11.728958780994676	13.134009565991956	3.4608169201807546	5.106289785708497	17.45433229658112	5.500891036549303	3.9523989058379594	21.575170772526732	10.13663366337196	4.345014527404391	5.19698516860006	5.474833168465344	4.482898500089376	32.22268397341266	2.8290860379910336	11.552160789389514	10.074414410996791	11.507536061547869	27.954408186626367	8.930566415113399	33.22889499002982	1.9306799595446826	4.204067512271412	17.975992583047557	4.414001316948933	36.39539995336638	2.0268692775652504	9.64865373503149	3.156502848513414	6.5400372938652165	4.260762216304862	4.965143674339066	12.632728035525613	10.895087563759587	0.921181030703616	19.23445469896886	5.90430076818804	5.01160862541806	10.585401104584216	2.2717270006897508	9.05426533653918	3.874543804347855	4.9314743853528356	14.818313864853714	1.4996684372427764	3.905604051153961	24.364153807415587	0.4008147254198318	14.373251363887242	19.256326018922927	5.443321181279051	8.109038035896921	4.598921524889143	12.722738528639985	37.93210329331357
GENE_0036	9.105363131259422	18.456232488570258	3.3761861271504903	11.860785525719823	0.9751708557618651	6.34847676730495	3.2365333497282633	10.399481777061986	37.660641066866695	3.8706680533843394	3.1254761347930198	4.667572365602404	16.83012750051029	5.810546345668748	9.545117185984045	17.012054049889542	34.830745663813424	13.249080917719363	2.661173478569556	33.2281796905428	2.1689308211799165	20.70310013496538	24.275569856178127	2.7663053091727647	39.55534435162876	1.1779723664082096	4.001212084963333	27.159890999216227	5.762139656174444	1.7889596809390973	12.349308956506638	8.81488310882748	2.843050003071938	4.643102117704094	2.576205502443948	5.423768792348476	2.354371452466138	3.2883847279906773	9.523283182830193	15.2578753606529	10.939892462351693	4.44535531810512	8.181342813419969	1.778984769808087	7.4952768425453735	16.173765391506947	12.190606807557753	5.868501298324731	6.478748793699317	5.0171866594941745	19.605629009076505	1.9753642375030405	8.940894063294987	11.813791141236248	5.284945033676884	3.4212429947575944	49.60723001666518	4.365584749207702	4.0390898180571675	6.535775876863951	5.245920878838029	6.98253136729622	19.135586529199188	2.2326994153707838	20.235611002365747	5.3115298761859515	1.8854675826288327	3.2667080178638077	13.114840098771117	34.13062922459399	14.569743097543004	3.68512749274606	5.263929077063143	88.69379364426986	4.674637472841299	10.138685164256884	25.473883669281637	0.8219071708850084	25.777574298497292	12.847498927169061	12.390704021130782	17.454279678197654	6.987197538609899	77.4068893791267	31.034124805373267	4.675643267786033	1.4034262727314355	3.7199895689853055	23.889577516126778	11.253730019861608	9.176841836937205	20.522367579849288	12.468720968381035	3.332967994980842	3.350528881013472	15.347597948927788	4.625127261749081	3.4151726311938098	7.412351474130695	5.923677980452582
GENE_0037	1.0411541694483	10.26511352320064	5.354506184105875	6.87004796038534	8.903587761432455	13.307359212981238	5.358125310214675	48.239145522652954	1.8587394478929695	2.5054090043176784	5.03012309394854	3.1586844591916576	7.951161091031144	5.079329133070245	19.740867590884264	11.695218455194158	2.722759693790184	5.158820196250629	15.004594396429459	17.767346220407944	1.7085159356245112	9.381964340213928	2.164938998538931	5.90244605154673	4.247844841882501	12.280238285808627	5.460445137847024	35.21637582514117	36.86805935341975	1.2702213644768554	4.337504402847154	5.119066821001785	11.286406823013081	9.03548548011458	2.540083814754345	3.4828244717610835	8.236369941516228	11.291622109073858	11.795205929591496	12.381188782920805	4.441696394435637	6.373951973285321	34.779222417243986	5.659568603036854	2.846415776710773	5.7457538087015125	7.766143329620582	2.9322406441206774	16.878610533969603	7.061014810699945	18.512652994383746	6.031642505407003	18.940653308868132	1.5911036211269085	10.405534566902542	2.021587989019215	37.56072345095354	29.61668183857504	5.873503737649017	8.112226550457976	8.762346820885638	25.00237423586934	2.661360724179486	18.059966433720092	2.106604336603621	5.979476474553204	6.366377905715648	7.989618911588222	2.062039586381525	14.366903055735552	3.2791939690799152	2.9502001531732476	10.698046078095812	9.628960836238914	6.300555271545539	3.0488098881837824	10.802392485596082	6.283178760800059	1.9488171572852153	4.270793758278267	5.920889772719088	8.002880057327424	10.36005481905713	3.6108982486131485	5.221045718480514	8.89677258807833	12.222176710336276	1.7635498011784854	5.626318263779556	4.145731385853209	5.4556399812507745	18.52117838064138	2.1807728014411327	2.857469670218892	7.644665590910349	3.8548811352834966	3.4598828913445727	36.94833796658686	25.27941348956926	7.919830488721386
GENE_0038	1.9577854286507597	4.3502781963211925	16.668441771350412	3.168335217412814	3.812227009223039	9.786382394130184	11.166647729274688	19.114053277330427	1.345300705119653	39.93054760367248	20.2123298986062	16.951152346235844	2.0340707897864916	15.043710068739067	39.07467052704708	6.888368665378539	19.77309941371124	13.338503205311538	9.429100582391802	5.924141761622733	9.24841160647332	5.702803261327482	13.428778722129342	12.807771037658963	13.052544285676635	2.4513365191253556	5.011940580210076	7.629361424484084	12.073041015527707	1.606959180588405	2.293509470419159	3.2297662924923825	58.120876487655536	9.80887778026795	19.111831470172735	10.16727785902244	7.147552635393101	4.600480032441681	21.884668538788763	3.890424994614937	7.202481992558594	4.696190231539761	2.140186392085226	4.810281371986874	4.91830366282167	4.065309205043671	7.4414309223726045	17.9968800285415	4.774244601416723	7.579054233339214	2.1260857722957565	3.3199888868961347	2.6312949369341183	15.74918597780327	34.95845724670444	4.682720163166481	67.95054991144937	5.0277782578170545	1.4340689703146554	2.386424630418461	2.8214965472996356	1.0501133765021622	11.863564530376204	18.046538077238726	8.888074858995337	3.9442786817439317	12.216462494040508	17.49011955273401	2.0374364644129366	2.9312703206956288	7.035513352799212	25.523102092588804	6.529088322922933	26.45355987246288	5.1009012387527175	8.855712604125596	2.8065451459736783	8.525389999617927	5.209900057621173	50.57441392872139	7.226101768495887	23.093600303957	18.016782540377825	4.871367479958491	31.60374025354516	33.41921431296635	0.9385650125935384	8.549189389559118	5.256163001115024	17.83471289452576	5.93658319552901	4.666191562492339	0.982810653818788	1.7443739752179908	1.8869810134542973	0.9136543984846617	28.52703775475605	9.276607192870511	19.740712799882402	8.95844729258281
GENE_0039	8.99673052080079	12.345201352495712	2.1579003388049176	1.6244231616467448	17.329900024709108	3.96418577210599	4.205004851610333	4.149950242192504	6.989802499345277	17.843508220487994	4.1499991543722	3.1390373424922187	2.0236872686213916	11.52205830349364	20.376251183447906	1.4035981777874282	5.965609058931807	22.391996156855893	4.203516215747362	7.590411750353401	21.05416289085986	6.071769941267715	14.897192052072507	2.8057069663597805	37.65239720974425	0.8582236123866955	8.761930193281964	3.478433781372843	15.407860265389912	26.11693888976108	0.41800486269574	8.053798818562926	2.540769748589653	5.7035855805765046	40.87887281848329	28.23184076209283	6.000742086883728	7.28303542376747	8.149716598605208	11.38074104393074	1.259763613602637	31.57821659017275	1.7031419212748657	13.310500962738239	14.677540333832713	30.641946217360356	3.817817256654922	20.806164952183348	1.4820450125617306	1.0836411912075756	7.806323504839904	6.934267505856557	11.000349554186712	13.632665584016069	17.356654483081115	8.858935583646426	6.3025530012227255	10.837246867505147	4.990464012609322	82.4075184088104	6.009783474159137	8.529987844772073	5.653975404191232	46.04504708300531	18.876458006148024	5.5398151073511555	44.538804611334974	8.491455296537207	9.901789339197254	1.495410618605259	6.294271405101228	4.971742199781638	11.67915477848386	6.348925375781133	1.919285320923717	27.20166099189675	5.417813358273815	17.281075283878945	3.4124525349553774	3.405477041157362	3.710306387438167	5.016026244365368	7.420376959041299	6.937052599901938	6.833037753405328	13.539430860054816	5.379790902744151	13.267261197715703	12.184236585373087	7.398858183179681	15.898789512528074	2.5096857653494444	0.43503624697563154	4.5589400919796	14.901990310621102	6.23227698512456	3.843259594885487	13.956812645074779	1.8219899389059253	80.81072042667545
GENE_0040	15.46325524214881	8.142339522512847	9.276273787136212	4.727918526998352	3.3450420401810543	6.000709724460442	3.2471562211908287	3.0089323915497848	10.848919056986935	7.330380017463245	17.04219132580309	7.9372449960384	5.28152721262277	5.150191169000196	1.172485399335401	11.354546303858951	7.032458008826596	16.784942104696512	2.0538079390758717	9.10098644272669	39.802419084379785	6.87848717619757	5.487300907446703	8.210185405909598	5.057499842978532	10.89799257159942	8.676116155805065	11.704485482874674	14.337539947369107	4.255200381527983	7.188518460586658	2.5290936261389074	7.570199769057008	13.285773505287969	6.656213514217272	1.1329530362067726	6.497792400755696	12.759604064453782	10.054804093098745	16.451382647971755	3.688747128810653	10.244538810308661	8.71251799263686	1.4946254616279242	8.214447162460356	42.051693697879664	14.862309139759493	1.166271767772471	42.50339283710997	7.287512405005504	3.6343131744498196	25.468391510587	45.11913111192032	2.673308573604586	11.188265438697098	13.396982108863916	9.930635646495704	8.510129331726315	20.016771768885913	33.66282306446273	13.601990870827283	1.199639115659179	17.232045747616738	4.905286040242375	7.481993909514534	30.524552053529245	14.970459816354095	1.5265396660319916	8.546494490535208	5.328035959603955	10.286694917478805	21.50701871443542	4.495459893302921	12.595747345248142	3.6158223881765115	13.278760454107674	3.997530741603693	14.773833130546166	10.795756267616984	1.3645394358021767	9.06806483422373	2.462998659349532	13.72043459783575	10.976963490608853	1.1712859256833794	12.28781809997036	18.9382155319278	12.365169341108077	1.90230142655141	10.972816482272533	2.611190585064987	4.000472161934178	16.6761717666728	6.802464521165642	12.414574936050926	5.6655016309583734	3.2990121358408553	3.2476250915933664	13.293330103567497	0.9054200815974583
GENE_0041	8.770276038391662	19.46552574644274	27.306991117105223	17.398757477357986	6.5880905607046865	4.51316673359174	9.428030418718237	12.084446004285965	7.151379333709082	32.45790889040293	2.387610667892318	4.582948431035424	39.21351764708776	23.554804287317467	2.055302488084943	9.094662356148088	14.509730483178169	12.271432880816368	17.68041143731632	0.9591240409330434	4.66979763203748	7.119074731158038	29.244947195762027	1.9463863608339556	6.028026276913343	89.38916852785658	7.411597626267177	3.7519834878742255	23.89033198127295	95.41151616324466	43.47784928963316	0.39798121094434785	30.332524583637895	4.595586302284993	6.241236231676056	8.289801954267437	1.1254139848534694	7.436663320424775	4.994570550748257	15.709903816542795	4.907268934420568	9.978914926480288	7.774799748051727	11.730269833179763	13.255505565037216	19.665346989980907	11.256806235114889	2.9168058769651104	29.413509590712753	3.707182766156435	2.0990714689891683	4.677193941295543	5.941455307371394	5.788768220194402	11.743366525125921	4.231586352101487	1.6215094109116672	0.8775981484536859	4.6343901749504495	13.492288774971374	8.644929472935532	15.795297915939262	0.8805333986098146	15.064216444501037	130.1129677325321	0.6139703410165026	5.796873515653556	3.3107526692079157	3.998332643093655	5.968783994531424	31.531953803562466	13.519335088875062	6.156023452212065	17.10667100216506	12.444514271101811	4.891926444238436	3.6335531828092695	13.231115874278217	25.285274119175778	4.6123443304329195	15.892992351748804	30.584834675570146	38.02940712950063	9.61717739897661	18.030551050593104	4.805161631497438	8.95218588898724	16.77559669362944	9.236407900834367	2.836103335271643	51.686419819707744	8.991151622482237	8.403240879303453	9.422417850306424	12.131495697815085	4.953635548936587	7.970083264642608	2.1830337405122733	6.015696558863524	14.632177102413754
GENE_0042	6.5820860081523405	3.6617709852065254	1.480702689703227	9.153110291820862	12.243403216238798	4.0985581579015555	9.440099979109835	1.973417463756408	0.9347818428806008	7.983431309063985	12.551048123600516	11.929088459190273	5.699672110067799	2.5066236102899913	3.9557943271461546	9.694695082509933	2.404346108995069	21.470388131694275	14.156886412421667	5.770868663637059	21.7297183628362	15.29658412452109	6.359466008932644	4.04965768793505	4.130172138181108	7.344333683262656	11.437965963459035	55.333983384198156	8.855347897371155	4.202806016355074	38.91030846224795	11.433639049363267	6.823404963351326	17.659913506501866	7.925236512076596	6.295702164176617	4.268553846574222	4.776051262912943	9.670953816349202	24.262049279227003	4.375022234925757	13.766073786883235	8.787600241637218	55.94167461766451	53.32688348069137	8.04715121582485	12.085650599436386	1.6544535034628922	2.0293941594592035	4.512616667417944	5.947571289426189	7.079311227263756	3.1656742667709983	7.104246560551103	7.7176866982246075	4.889070374043911	32.360366767988005	15.930049266942982	14.019928688774565	7.940981333674435	4.110187839216031	6.7230457304795195	6.691952598283637	72.35986801633048	1.3929178799501847	26.495247733209204	2.64753969649081	6.862193456020717	8.507794128238606	12.136278467562896	17.80389121760382	73.96845748305924	2.745716902274584	24.98297796977345	10.1927689394409	9.556284208193714	19.665966611070232	3.32031445331806	4.067488420526795	1.0248151232721887	1.4683116636382763	6.596369052701706	10.819062366947346	26.684844804819846	4.096396489490124	1.6752180486040773	51.84936277334097	10.219934850153402	12.831280410573898	4.098691467791954	1.195917807936118	12.753257300588844	5.896409576331926	19.13092707847259	7.401028902009504	6.588720451540826	14.66684854983565	4.18099905147111	8.027174279048149	6.58765703056923
GENE_0043	5.467909152936666	5.324601395040515	8.887393914126827	2.1260402697302925	17.562311152790336	17.280904349051323	4.450679693508658	46.12978172648614	6.759033865168872	3.1227555422861464	31.23591706407809	10.315649440091667	1.6435475516785576	13.680009504181376	7.584381372986169	2.061123915726301	10.830971333960044	23.790720042148276	6.691406801211703	3.736000865390721	7.109923828732283	7.783031270834086	8.37772546536959	10.173455580853418	2.6784633931056256	17.089953469532933	24.304129514730878	8.470040845985508	2.0201424971005597	8.886660242627261	4.678154728586474	18.24579862298179	11.615864536941158	1.9232574168285705	23.61491024569807	14.459332826940884	8.107948697208743	6.621952036690738	5.242548444638937	15.003805174046182	8.605098462159056	2.3659198333829066	9.43053848028516	1.8904709830484803	1.5461351852493548	3.2927868673568224	4.366514778272957	3.857333206609609	14.727372030826729	31.300435258407045	5.427709444611262	7.830471574428598	3.8493762085028815	6.459185431172808	12.91177278941779	2.9250210906974794	2.2984165946208095	9.165042380566728	6.107374002673394	5.976236548317081	9.246234654666731	11.241473970395317	4.043777760232662	3.9842867919643017	21.30045704259244	10.360738116934032	25.279671449110687	6.850587367471327	36.18435807386138	4.326172869987687	2.5158832204996813	1.6829627415720763	7.134858293635736	21.271503335176867	8.74130774428404	5.808572394681569	1.8743405122209462	1.0963624790165059	0.6768508317685509	15.659839704193665	9.970669047967705	9.221691435564018	10.091089997210723	0.6528603246386023	14.860234406868408	5.998634076891652	20.59625272266521	4.337397447574995	14.588451293634254	4.670944800218216	4.064669015750511	0.8423401187781819	29.637023183028187	12.514624540389581	11.187229346187655	9.624079811905581	6.4131554133909665	6.5272035996052535	3.567368107187437	13.023712393193746
GENE_0044	1.684515540878056	4.992275644887081	9.581966039415942	8.786187849302792	2.2248813602135185	10.559389730808606	4.613384231876126	24.03329404123257	2.0047723225948233	33.890138666325825	0.6239752966319025	20.8538783775431	5.77915186590006	13.37117483145871	12.399535602137234	2.506640623282526	8.727266526928084	29.43425084631776	46.835290817522996	2.713881750047364	6.21752986498589	15.37342050780321	6.214766635814081	1.5023135198325483	3.860213353721129	8.019125359782972	19.097436959408302	5.1278088782301765	11.019737154401868	34.539719531135034	4.046239533901965	0.6956334320072755	2.5538613579392204	8.384456537726987	2.923106339739858	9.144902573299971	8.669892503113333	6.764152934134246	13.75733160791362	10.500766006910013	3.246508358616514	20.886683178926887	5.910897879626374	8.932588045361717	37.23363706778165	3.2205610819948483	0.8578355025273819	6.797548484600222	4.468376883838448	2.1032696408122007	83.65627891368777	17.260676545712087	2.4852343542759083	10.317690709647726	0.588863967098955	7.160364085609665	9.177690227444288	12.283644224839597	10.217041160414512	2.8521740840509064	15.098717261404797	3.114650788113028	11.384615775467193	1.5919501155339226	6.21644538948517	2.2099686991366654	2.8159356155810724	53.119398239949476	14.811478797092416	12.323396072586535	29.268049199483617	26.02957104944625	3.283792933189107	17.675809326560483	2.7315016642842966	7.447513249780299	36.921013323907566	4.987562148241258	4.892871035276773	0.9369896466638883	18.773285419586074	25.400069596611075	1.6178355488085945	0.6791387211222328	7.577708668963308	24.695181777386438	3.8424170614694457	17.11001328638361	1.0652902502725583	17.404042037396028	10.699659194098144	7.329349729495042	13.97576395002727	6.105120104139143	36.75738317892978	6.359075777226505	23.721232796957235	2.5492010419210884	42.441941902543135	3.8290910298522878
GENE_0045	3.597200095495114	1.709985775173331	16.14843065330875	10.862509658258503	5.288310211690585	3.69540591929805	9.318949775889164	4.621985376214371	14.435241582069567	12.665858212401876	3.330441056194993	4.437022756315364	5.6253120958181775	5.421939326042388	3.57604051464762	21.18202306533439	12.090877758383677	14.135790118319397	2.534294345691653	5.578387226535068	17.879591763875016	6.816072456948893	7.505071916977368	11.478488723836026	2.1728935950618204	6.693322226782897	1.6738092744401196	8.887806719454717	3.852194963406597	54.93182594774416	11.807964436918791	2.691959306709979	11.339668864451983	51.36356140926115	9.378023089296411	3.4834760780973877	2.644084443000112	5.103818423710648	5.105863902083743	21.54513933732221	22.669732559167645	6.849911369727669	32.781470717079976	3.811480979737024	8.20181882435958	12.459882775705802	22.134837210281514	1.733868050989965	9.616565798412337	16.66324151846311	11.392552191495183	0.7812271440428709	3.37109659948033	30.918873237352678	5.492549518700473	3.1631594871799416	2.466246779110352	374.74196898879876	2.345054424062423	7.98432718710938	0.9512852836857149	26.561556648850043	11.822969266000415	1.1274855384367206	15.989306496612516	2.5210805692835327	37.65510570598006	1.8478301477431869	2.3607786244708313	51.170031584345764	10.106028631788147	23.253156131240377	2.4252959297678727	5.391983258922203	6.162588115108624	5.335533863336219	16.915488646765215	20.118339765639902	18.42067604833014	7.602351301220467	4.878802063975237	2.6327916784131196	0.532203078045869	4.50019994490296	1.5791421744817138	1.6045320290960952	7.593657655326485	1.9011946660014236	3.4509333482891464	39.54254131995626	13.254195799730217	8.65458488755049	37.19967567108658	6.060572839719677	5.556151781247254	2.0875556416131706	12.56576009200876	7.316669157966821	20.906535635140482	7.035965821068268
GENE_0046	4.6616116176236275	9.935560360341317	2.14480639404934	3.0530544966772064	4.595394879245596	18.16687490204438	1.736576521080588	1.3322449757141908	10.66106421276643	2.6188985946707426	13.158555128213122	5.641359399269655	0.4981337603503945	10.238273708467139	8.906370119476401	7.102485875962224	9.866731503172705	6.251878131726505	1.6071699368926584	44.597889034886975	14.186954971719082	7.99355178920121	2.4687820036937747	7.245366789587715	7.6452418065978565	18.524172169696328	0.5746919419386527	1.9210534558034864	4.3552556806090275	58.0615454639659	2.722674204699556	13.724111659041672	6.1279221905642745	2.7173813439889587	19.593495125163052	5.3706345341999215	26.19864890339667	5.704206797824654	10.773618280105055	7.195664851677337	7.3905862716444055	14.44691095899215	1.4904767295827184	11.312261276720468	3.007821166448824	11.227860351372675	4.577543698969329	2.9392080869141384	9.91673891668868	5.590323013513792	1.8633622166155135	4.028119755744328	5.101282105695793	21.796877545374574	9.40575687115354	13.106755879205327	4.10059946197874	0.9193274218536787	8.046276594905427	9.561575742887404	23.5487811893616	20.941328865592222	3.6414214191064183	15.070090664752243	11.48804755344954	39.50364820285735	5.560095867074833	12.250775508899423	6.609388728812704	16.701541531602857	14.688513530550688	2.7916174581964643	9.57026741241338	4.171409373828527	0.8377252917004164	6.269300554491498	21.996023138883196	29.76861133621724	12.649654505088971	0.9251385028606786	14.890160298036117	13.403165328939936	10.895781862335118	22.138101803604236	8.708458244417681	2.5725834612215057	7.0471924076476045	3.0021497563325137	3.0701817050998104	3.3029904274193718	6.682714581175469	5.598259487819382	1.835403829438035	12.306867857065805	8.487930249284231	12.015347507343026	0.8367655797265601	1.3654647022810575	3.5262283231251903	15.050490461464287
GENE_0047	21.26626950551351	9.593207271897931	1.9729766395721546	8.61689754178975	3.8446046177121	10.047255582819748	1.8085695439735727	28.613320872546403	2.886717991381975	6.108378308007564	6.031251977356785	2.776625341030776	6.998565038087917	2.114643887494839	3.4716051548393763	14.606997538778415	86.08198360711248	8.556692167439966	3.6991088160764822	14.025019773275893	1.5274624712404146	1.0018009352072972	1.750583423803767	12.839032621477935	3.4213211202083005	5.527443741733363	18.80870719412348	2.7965484531655793	13.281392809140323	24.73863596378088	9.99207121319969	57.8292943361345	19.8009515708567	3.751872427907395	12.195830974536838	3.3333377962382373	3.107520532509791	36.548756747636524	7.175964561831492	3.059114052669289	7.320654077722148	2.5298063718874855	3.2268388545814832	7.531903339608453	1.953624517612517	30.012038753408596	3.1181012285149956	2.707545833016952	5.8450327599119385	5.585867970759204	4.200594218298089	9.127425681749727	1.8120032130422823	1.9892959985425893	2.3372754569776295	1.2387880319478062	3.198677902453955	41.45865434439734	0.37115483036973534	2.134514935794433	5.279045270139559	13.243995805981964	3.6248979486867845	1.123950590574202	3.5496315270037004	2.8705197761818595	36.25517292930456	32.75688301278451	3.3036685047975043	7.042135714283628	32.02576897738527	20.229326054713823	9.140725656983955	10.304776342519334	8.832840619867033	9.134818793033098	4.650898784796508	15.037530390772917	11.338298555108913	5.363958322117537	123.30419650088005	4.096386499590353	6.720588793109885	1.5439621983893232	66.43494127876247	8.383518844773928	1.518652208629484	2.8173590204618995	8.165246815242442	21.689931021981568	6.976932128362683	26.877078930670674	7.138119569482899	26.379050749646577	2.49396471903005	1.0519317593542825	4.351554060088857	2.4107853783093995	1.9452478399467052	166.15319114795875
GENE_0048	10.41886692040505	7.426936484235619	12.45275104059194	7.831928049452235	43.183317007492384	16.65752587552082	3.602239656213981	6.589385881691691	4.419970768752413	3.0783130829909067	10.70965716673105	4.738434182672087	5.865369434412492	18.616104123431036	4.00876092378978	7.601293089162895	3.9050087177544524	24.692732424391384	7.059780664310985	4.173775451360836	32.347616823787035	18.473322691509647	36.397680978269754	9.24344021558594	9.335141284399727	9.654192858277932	1.8834803239968807	24.542686507998678	25.489919784258863	20.5747074101148	15.896203043053477	7.544310535116166	24.22502165202207	12.353109955830018	8.931475551766532	21.671697326969706	19.481342263286525	12.947716595688123	22.78381124770452	6.277256588420933	5.3233631969352615	1.562428331886666	6.664168834488144	3.8904043216464377	6.115824602706125	14.160410706427296	14.783015374254687	9.090840147618	3.374456702784606	16.287075774796975	20.51965680847247	24.534467274506927	7.5053667697873925	13.764185847886582	10.87344216818984	5.157078967057326	4.023389631759228	5.543092070892492	6.129442758614322	10.320956266517884	11.307768113845292	6.491429400896725	6.614965826176369	5.092052276608687	9.290537345735869	2.3318209580490596	14.569514387838849	71.62539898014403	5.014331355399162	6.152444785643248	2.431284577730956	10.341293552307175	16.16540936394436	18.78630359865484	30.84139273865984	2.736394835086387	6.360196549734978	11.35139703119431	5.584565870273954	38.220734480507026	6.6569219431020965	6.474236233135011	4.415924999780708	0.3650823480705738	12.09735046165955	2.7603161358733863	2.8852197979302465	21.759622187698085	11.95015895267319	0.8439370118119819	11.140087458572564	11.26589560723054	1.4670984769874447	8.383908379348062	3.1010446493981227	0.9508894613787476	4.212928032680126	14.453133586952745	5.024507147433085	16.577331492909433
GENE_0049	1.2673902242392865	5.843984646291692	9.944152333549173	2.356151817002583	11.07822767019524	13.868621495876166	5.968841460103179	25.478024899301477	2.5619955796225415	1.853730822250292	4.039071396834056	10.775774287586742	14.823390387844233	6.141677194411889	1.810021824883599	7.612229810219716	4.344901310011005	3.2643619712666605	9.424752276448316	13.099614225732923	29.37345437760628	10.448813966051146	3.1678041531009455	28.908637617869086	1.5590931744248204	10.192965303186309	5.9016654934836685	3.8309228264702853	7.547916589247089	13.36349785321419	25.2022486803693	3.5679708997001405	98.45146070693727	8.842607347205353	20.106559247801737	7.548219054936839	11.32705783188039	5.498743886988295	7.018898356233177	3.508179897250707	8.62953553522938	16.741483111908	1.428766077412656	12.035640443149731	18.571907915921006	1.6436505253907692	4.992752495946672	7.919628807881266	3.704169020709142	10.38176907744332	59.64693551976644	4.518127113224111	18.215578213862443	27.908556308502135	6.022658535407437	9.98523337538203	4.309738790605097	9.848595974882084	1.4470496454472164	6.3264607158978015	24.465083154331122	13.195254868370677	3.014270284974572	11.442256202894335	1.1526902389510814	23.04190563741662	6.4430659792417035	4.9312996638747695	4.886050626721359	5.172348629946751	7.129024589090113	5.885688581363659	4.801241020455813	5.913744980766974	1.691926580254347	2.6754595848465104	1.7627025753621368	10.801010001186565	2.0564254636972237	10.597815462503299	10.949645157233403	7.942904110564355	9.426550265265876	13.08124344638743	6.976045765415819	3.34503297953645	4.217485481627722	18.968667028598478	33.00669459628654	2.2385102975911457	5.864577972346952	27.390381403089364	5.874480720621952	4.62219243606458	8.148332402229922	15.474298629020346	11.933635831545088	13.514869453156772	11.410142422988516	3.1643080369245333
