	GENE_0000	GENE_0001	GENE_0002	GENE_0003	GENE_0004	GENE_0005	GENE_0006	GENE_0007	GENE_0008	GENE_0009	GENE_0010	GENE_0011	GENE_0012	GENE_0013	GENE_0014	GENE_0015	GENE_0016	GENE_0017	GENE_0018	GENE_0019	GENE_0020	GENE_0021	GENE_0022	GENE_0023	GENE_0024	GENE_0025	GENE_0026	GENE_0027	GENE_0028	GENE_0029	GENE_0030	GENE_0031	GENE_0032	GENE_0033	GENE_0034	GENE_0035	GENE_0036	GENE_0037	GENE_0038	GENE_0039	GENE_0040	GENE_0041	GENE_0042	GENE_0043	GENE_0044	GENE_0045	GENE_0046	GENE_0047	GENE_0048	GENE_0049	disease_status	disease_type
Sample_000	12.142529843551035	6.434896125657351	14.121359906705182	33.88694565868619	5.846520075035395	5.846616062669532	35.845312863785985	15.917748255147648	4.620604839036434	12.712173066814993	4.648675345999612	4.637939741623569	9.411781650729825	1.0905910045854894	1.3166388553290882	4.211051886489826	2.6836260389870468	10.11730508649365	2.9801568235315004	1.799837348121891	31.99721183737195	5.8957025226221536	7.905258766714606	1.777578089230018	4.287128988591921	8.255854538575212	2.337323386100491	10.758520210230284	4.052610778439395	5.5196047264987635	4.048285215066863	47.10024414285001	7.289994381172695	2.5658481097424084	16.81960065687278	2.179632642592645	9.105363131259422	1.0411541694483	1.9577854286507597	8.99673052080079	15.46325524214881	8.770276038391662	6.5820860081523405	5.467909152936666	1.684515540878056	3.597200095495114	4.6616116176236275	21.26626950551351	10.41886692040505	1.2673902242392865	1	Disease_B
Sample_001	10.217316423198293	5.027474243776315	3.754961378063301	13.621865905988168	20.71793028114763	18.751619445552933	3.192430301630912	5.423750900442165	10.290935213723959	19.600304995736394	4.576002324961919	6.137030684642352	2.4440708395958453	2.233999274558481	16.651924950628704	28.68114759119312	6.875675397884106	20.15662256947157	10.608292695774537	3.8762967244531814	10.605742561496045	34.39931207865813	7.129021306863077	35.32686263897911	0.5380815749088899	16.808799085307513	8.061076176299729	5.479383800833548	8.099163433545773	1.0125086725051986	5.931802395835836	10.560414944699348	32.39143528317222	4.400551094038413	3.2920365884525546	4.473821461199297	18.456232488570258	10.26511352320064	4.3502781963211925	12.345201352495712	8.142339522512847	19.46552574644274	3.6617709852065254	5.324601395040515	4.992275644887081	1.709985775173331	9.935560360341317	9.593207271897931	7.426936484235619	5.843984646291692	0	Disease_B
Sample_002	1.7943256303466228	4.851823808412683	5.2450537175980445	3.3125647251136043	6.288447930359722	11.067920254128246	48.724690880659296	8.79846973692642	9.559643071247635	6.858948048187241	1.0846190124195327	7.195717983222496	7.847776238486661	86.76836636881237	6.0960378979411125	9.989627876165681	7.136969384518348	2.296352426132729	23.16917692517846	15.67289884701706	16.297829623962063	2.9760965079904045	30.047946151335346	1.8187490638351507	13.28794314727113	66.05287950205583	2.7441288750018504	4.19419853992519	8.163323396862083	4.466139307725082	1.5672720635276813	7.913443125997207	2.554090741818659	11.864994550969802	2.9463754849269255	34.811033983546054	3.3761861271504903	5.354506184105875	16.668441771350412	2.1579003388049176	9.276273787136212	27.306991117105223	1.480702689703227	8.887393914126827	9.581966039415942	16.14843065330875	2.14480639404934	1.9729766395721546	12.45275104059194	9.944152333549173	0	Normal
Sample_003	9.492413022728847	10.448393238388489	3.7433288351193594	9.320848796728576	9.905324821458523	3.617013126130096	47.74023346034547	11.867848309928178	2.2449797537903295	14.247103296805252	2.7879828172587797	16.233623300950494	23.537516123761055	3.252154441025953	19.363234307718265	11.164966970008328	16.811449295841232	49.24426837405959	5.781203528872032	3.4773267929147513	3.035832146753834	3.2680377065218087	6.840756265032991	10.393202376652617	9.74438088444801	16.89779684172741	7.4857550800206045	31.61191407283954	5.670873525238041	112.18722939364527	13.813789712435478	3.135668671179892	2.5322481422258973	11.970824709618578	5.9093581099044385	15.08952046722263	11.860785525719823	6.87004796038534	3.168335217412814	1.6244231616467448	4.727918526998352	17.398757477357986	9.153110291820862	2.1260402697302925	8.786187849302792	10.862509658258503	3.0530544966772064	8.61689754178975	7.831928049452235	2.356151817002583	0	Disease_B
Sample_004	10.56754339964365	12.945969787241935	21.824893962395358	21.19577887185686	1.8632655717358055	2.8926555628306825	12.367044922575154	12.351604218984063	12.367198511064165	348.1841444892505	13.077464879512522	23.001642816451103	19.182564423067333	14.173744174616669	5.390999239276706	15.783565184773519	3.4115774698666668	5.830958489375215	4.5477674952766005	8.019484470983276	74.78808393989064	1.1419471222554334	14.676685148637143	1.472974946441941	4.609263736701845	21.954027260347925	7.879622677012404	2.514955782963965	3.613570315777503	14.579227606383686	3.559547280159661	9.17478159760878	7.7335796431464825	3.8512572460006007	63.05101050505033	13.928248197111783	0.9751708557618651	8.903587761432455	3.812227009223039	17.329900024709108	3.3450420401810543	6.5880905607046865	12.243403216238798	17.562311152790336	2.2248813602135185	5.288310211690585	4.595394879245596	3.8446046177121	43.183317007492384	11.07822767019524	1	Disease_A
Sample_005	2.094083621825214	18.501687553918117	61.69211932177525	20.748319605939844	1.617092904899122	4.552906986716462	26.23019293043418	3.6412627629302814	11.516944988713957	16.03275878889902	2.924342088636034	6.962054683584566	0.28901770202350874	2.652791173371473	5.739842945849238	2.121698226043588	37.803863406789574	1.768017075115137	4.7586095456080635	8.421100978822615	31.226693473046655	1.7579315264557636	23.645285540142	7.465056958379552	2.7690141351254463	11.729458222555225	9.01653122787484	4.054320581960216	7.923254831601832	5.026311440797596	8.27730427927013	14.32678231162559	36.09003599945569	2.1429523931017096	62.36681822061564	1.0490785426856921	6.34847676730495	13.307359212981238	9.786382394130184	3.96418577210599	6.000709724460442	4.51316673359174	4.0985581579015555	17.280904349051323	10.559389730808606	3.69540591929805	18.16687490204438	10.047255582819748	16.65752587552082	13.868621495876166	1	Disease_B
Sample_006	3.2252323335957884	4.219931770558141	15.600353981553276	13.604087042595435	7.236215914627552	8.308901278249392	26.513787899765948	4.089524119824672	12.769983541084388	6.036397222072584	5.943622504727531	22.170816499753446	16.86796648506678	16.668315402221193	27.261591509407207	7.545896017520407	14.61360539701723	5.418035215725491	10.218158192007289	6.487368286534836	8.141675262089088	13.39869113155981	3.260169920152789	59.8826776619728	2.701974004081164	2.194186553568929	23.526110124565474	16.308112672457913	13.792428981051533	13.85083485649933	7.299115870235223	3.0124256816301345	7.970956978619932	3.754061379616473	19.591968922565044	6.378561607050314	3.2365333497282633	5.358125310214675	11.166647729274688	4.205004851610333	3.2471562211908287	9.428030418718237	9.440099979109835	4.450679693508658	4.613384231876126	9.318949775889164	1.736576521080588	1.8085695439735727	3.602239656213981	5.968841460103179	0	Disease_B
Sample_007	10.083572006533073	32.309335619956535	17.420708168360935	6.29692532136003	7.249871844555467	2.711414990556014	7.253519968991254	5.536382787577577	10.203375126770977	3.2309268820221226	12.420477405854271	34.21755830322374	6.627580805372413	11.04206115338327	14.733797312393671	4.946991074969977	9.24508890932745	7.482690357498777	8.147214572159609	3.4109478554456487	7.572400879196013	12.158132546252721	31.536437009511086	19.283905306957166	63.63619788081277	3.4303161780257483	17.67799483947297	8.87592012228863	66.00978134335885	3.292679643732079	3.190820704416577	4.057663659111567	0.8834719607282083	4.367736791711704	3.4586119513395936	8.588239664019742	10.399481777061986	48.239145522652954	19.114053277330427	4.149950242192504	3.0089323915497848	12.084446004285965	1.973417463756408	46.12978172648614	24.03329404123257	4.621985376214371	1.3322449757141908	28.613320872546403	6.589385881691691	25.478024899301477	1	Normal
Sample_008	1.500160858270714	4.057735165879896	7.4279038542817775	7.744482030914928	4.711161725766147	13.774925302627402	2.5405474025285337	6.408469757020261	8.333600800223952	12.359671006259557	15.053565570056508	2.399734024678941	1.5934250664509804	26.514104108004748	10.301752351511158	3.4956294633906904	34.85344468554292	8.295180091800436	24.029859048013627	7.905181902061107	58.0176877279468	42.74878792901657	5.760566678317156	19.522564510248994	14.088740743849213	29.03876198078995	2.8153217104683375	14.673621998323926	21.293981771431852	1.2728525874998482	2.2631134259477013	0.9615274379412491	5.644000742552202	15.143058706820918	33.19359886612842	7.957340057812278	37.660641066866695	1.8587394478929695	1.345300705119653	6.989802499345277	10.848919056986935	7.151379333709082	0.9347818428806008	6.759033865168872	2.0047723225948233	14.435241582069567	10.66106421276643	2.886717991381975	4.419970768752413	2.5619955796225415	0	Disease_A
Sample_009	6.940132751033959	19.20445571311116	2.7573606988071373	12.231890486061973	4.3481148424952805	3.3438644788370153	6.639055039585746	2.6241516886370597	4.247585460937205	2.230268780120872	52.70578031432918	7.65426915739917	3.670303998473147	9.152068421493492	6.603976385797729	5.92410961907289	13.655832230942917	15.76051418812074	4.3470560783258225	4.1544571059745286	5.61223088584225	0.7393963530989226	1.6238647200393805	28.98777726278856	38.28153685481456	5.760152559858654	13.151778058478689	10.087027118641792	160.5942196190052	22.63675497195462	6.501821760760233	2.8418622508158964	1.482238847796152	9.056327057970039	3.468246915814967	1.7820177512207211	3.8706680533843394	2.5054090043176784	39.93054760367248	17.843508220487994	7.330380017463245	32.45790889040293	7.983431309063985	3.1227555422861464	33.890138666325825	12.665858212401876	2.6188985946707426	6.108378308007564	3.0783130829909067	1.853730822250292	0	Normal
Sample_010	18.656181661139016	49.86985143310769	1.8247307213101724	12.974283898872915	3.8549476643466623	4.539762129218267	4.086161724488708	3.1143150185455695	7.75642574290218	3.2189328242664437	9.683823624047996	7.027014182895132	5.818555023298721	2.9815292438205714	4.150499421082963	15.72719258328221	12.193672719124102	2.77998284049991	8.160719225152707	15.66434520051373	1.3917956095042567	12.722348767257461	3.809036389675053	13.07364888156082	3.4443694125467106	1.215454279294338	1.4512968878684993	7.753039396384708	9.580430244957888	2.991226113932573	13.993493320769504	1.4028136050476416	6.916571517117732	2.201158472627538	3.8503493798596757	7.747720501920225	3.1254761347930198	5.03012309394854	20.2123298986062	4.1499991543722	17.04219132580309	2.387610667892318	12.551048123600516	31.23591706407809	0.6239752966319025	3.330441056194993	13.158555128213122	6.031251977356785	10.70965716673105	4.039071396834056	1	Disease_B
Sample_011	8.057390843896949	6.323815628116305	23.754739338312138	9.529772480018483	10.356379038461691	4.8945533902714295	4.537579753327922	4.794367599643172	10.962190693918057	4.850178552303787	9.87271465731455	58.87407250873968	17.656865773956667	5.333333516055935	24.562328862223993	4.9131959038454776	0.9625930567289361	2.6963895894501024	1.1379268781905751	5.199105106942875	7.52641158575387	39.50539766330512	10.246409727772415	5.935192553097104	16.935391116880815	0.8096645045682266	9.352227573764518	15.972447297107838	1.684407305114663	23.190762776621277	10.365639142258216	4.877886764912391	13.91241860522115	71.57120711365648	8.86283113754835	9.470868240898414	4.667572365602404	3.1586844591916576	16.951152346235844	3.1390373424922187	7.9372449960384	4.582948431035424	11.929088459190273	10.315649440091667	20.8538783775431	4.437022756315364	5.641359399269655	2.776625341030776	4.738434182672087	10.775774287586742	1	Normal
Sample_012	15.752335132224934	2.9383102635130105	17.630069174894096	28.663881870232494	11.172270981719024	48.26930312552145	3.408290346462663	2.1283463074208555	1.247672419473223	32.984716291111425	14.2159653912144	6.989544077047785	9.776373683896098	2.397702417304899	85.26397050398157	8.408315712879276	8.243250914752766	15.268114342719997	11.953322004302102	9.243161901773497	3.351893950883226	11.839819177113606	48.52234902646898	28.372490919718206	36.34972456472976	4.4317047239534455	2.7466862353304893	6.515689775155256	7.81249919707953	22.0693886297929	1.360068913676551	34.10862618022217	6.309094105949863	4.821663196478692	2.6855770598535584	1.4121923120523125	16.83012750051029	7.951161091031144	2.0340707897864916	2.0236872686213916	5.28152721262277	39.21351764708776	5.699672110067799	1.6435475516785576	5.77915186590006	5.6253120958181775	0.4981337603503945	6.998565038087917	5.865369434412492	14.823390387844233	1	Normal
Sample_013	46.9440325314885	22.7955428895029	5.646925904812602	2.443604226123974	96.86902450575819	7.839840062904419	7.4927005896792584	7.212927577288295	9.007744981459533	6.39578761222181	4.16342475135477	4.276526260873595	7.150960832061845	4.291237826069171	3.6224631307815907	8.218849433618516	5.726031927710858	33.24794592768688	0.521539737805252	22.010219141104777	25.68957307109275	0.9292381404264944	5.245194929176604	5.09652601452825	1.8084828787803517	3.3945911016239023	2.4337277965860493	42.61773339029268	18.834275845906333	26.352287806491095	15.205725948335264	2.389175264517668	4.373133209247586	12.053734889253223	2.176835444298293	15.074407376602833	5.810546345668748	5.079329133070245	15.043710068739067	11.52205830349364	5.150191169000196	23.554804287317467	2.5066236102899913	13.680009504181376	13.37117483145871	5.421939326042388	10.238273708467139	2.114643887494839	18.616104123431036	6.141677194411889	1	Normal
Sample_014	4.380999871414144	21.094434245183827	3.6533929438183432	1.80676635559798	1.557949956328637	13.544898085210649	2.053551323950125	42.72542524330251	0.9213369955290974	40.304227665033004	9.12499605557418	6.7079063849365115	4.284830150856837	11.013657728877076	7.116138960979236	22.27136743662153	8.28318576530437	8.587449367505675	5.136581538023267	6.98003810744649	10.052303064434646	1.3362024623972395	1.919019882610082	15.53761866322882	8.765867074535025	6.147322761149221	7.526528651535617	10.460243163568762	4.306994459559154	3.392934817009575	8.987594657302482	2.7777110420599667	11.114524380412096	1.3463758079240158	20.679763994681075	11.853195366497795	9.545117185984045	19.740867590884264	39.07467052704708	20.376251183447906	1.172485399335401	2.055302488084943	3.9557943271461546	7.584381372986169	12.399535602137234	3.57604051464762	8.906370119476401	3.4716051548393763	4.00876092378978	1.810021824883599	0	Normal
Sample_015	2.9351740524481778	1.9123166147022903	2.784662683526294	21.192382405420172	2.859369400452269	102.75855033336045	12.101360700668936	8.889191706110902	3.13190742474199	14.884343361834452	4.155206697505842	8.347898367311709	95.59156063354024	6.71228950225654	23.31911303608295	3.657659912914154	7.134994709929153	43.41481036902991	3.947304505158374	45.26112779329598	14.995526682450619	4.210297137177487	13.90721456662589	19.541774371414213	13.760607238235629	1.5369121100180851	3.57106126304033	5.768899673195708	6.859033694116174	13.744958434268382	8.825991969101793	1.9438210343675497	10.807040836325244	13.607018765087847	12.93310687226033	21.775396369927112	17.012054049889542	11.695218455194158	6.888368665378539	1.4035981777874282	11.354546303858951	9.094662356148088	9.694695082509933	2.061123915726301	2.506640623282526	21.18202306533439	7.102485875962224	14.606997538778415	7.601293089162895	7.612229810219716	0	Disease_B
Sample_016	18.883410890554508	4.410355382366849	8.134552882344046	4.653989046427637	4.785084923319932	5.42396922373239	9.226998182625291	4.577950360127672	25.939220428729094	3.020410344384403	6.12959301761966	4.760101262853786	31.405338184911106	8.99397381097668	20.735444682815228	1.6727009026346644	9.650891223654066	17.98666761909651	8.022771929440584	21.444761041765947	4.40487353651845	30.245500819811046	73.61863036184643	5.140557001057191	4.732707640616283	31.607185282964295	35.85819548248085	4.380399686482802	4.854048907207488	5.574571152892707	1.9262006526373059	2.9486518134968667	2.707049329070335	3.428772875414626	7.1371612453810185	9.339145245076544	34.830745663813424	2.722759693790184	19.77309941371124	5.965609058931807	7.032458008826596	14.509730483178169	2.404346108995069	10.830971333960044	8.727266526928084	12.090877758383677	9.866731503172705	86.08198360711248	3.9050087177544524	4.344901310011005	0	Disease_B
Sample_017	3.962437925434622	4.239828756624673	3.9063868703310636	24.264552272425973	30.584833474160902	4.175581818218314	3.2144119312874744	11.839194042289964	4.2536479490231995	13.914504951757362	9.051432394756812	1.622966885409148	34.726573518798155	44.51729089298756	4.003669475685708	5.014323114214843	9.834192962036658	10.323850387024997	14.275492740545497	55.15815138998075	6.190728518027746	3.325775085826666	1.860193978838569	3.5575423667908934	7.14828899825988	44.458575301315406	4.4034516573232985	9.242273929461097	7.268697422722176	24.249433916173693	92.47445330375919	4.345458284201116	4.5292689984672	20.99240859871734	14.612706955791506	46.8385848447634	13.249080917719363	5.158820196250629	13.338503205311538	22.391996156855893	16.784942104696512	12.271432880816368	21.470388131694275	23.790720042148276	29.43425084631776	14.135790118319397	6.251878131726505	8.556692167439966	24.692732424391384	3.2643619712666605	1	Disease_A
Sample_018	10.683209558812797	4.986135633865155	7.604535327581714	26.534661583456668	8.945038920309404	7.7402698253950355	1.8967537248110231	15.584137437881857	14.090265672702206	64.28039740822409	5.431534903774827	9.199510974199827	9.481890191782552	35.78229720995579	6.717422118465433	9.76711885832514	13.570475445081433	8.904966218187276	4.728303099789404	8.971832909184316	21.620279713774526	2.6471529410477244	8.439893365822883	3.668853388543444	24.41131193898701	1.6109323249569456	4.2252488256857745	10.774819402543487	35.35797716406107	6.918851162911996	4.241005864519704	48.4802776786989	1.7366988517166118	0.8197089369944253	11.473206530043267	4.472492125037583	2.661173478569556	15.004594396429459	9.429100582391802	4.203516215747362	2.0538079390758717	17.68041143731632	14.156886412421667	6.691406801211703	46.835290817522996	2.534294345691653	1.6071699368926584	3.6991088160764822	7.059780664310985	9.424752276448316	1	Normal
Sample_019	5.805257323902253	10.507143892329356	2.113743562750958	31.30458599023041	6.806301141730488	22.585222745244444	10.409567616625958	11.666870208987795	13.062784119089816	11.561823118443012	14.05141018619828	27.91467483039045	8.99367155728565	15.014310168987446	6.75487391437737	31.190613975883227	3.7569509013986386	44.74324273172681	7.098205810426071	1.7668969949323343	8.39893082416642	3.7394866495433905	17.126783915801486	3.8473169940393923	4.729486180960977	1.1167908601780268	4.7006165490001885	0.6545028582098522	1.5160331845330424	15.806395808715862	16.21278548856015	11.307402070860348	2.8095486758538963	7.044792165050203	7.362484626613386	2.3201580556835544	33.2281796905428	17.767346220407944	5.924141761622733	7.590411750353401	9.10098644272669	0.9591240409330434	5.770868663637059	3.736000865390721	2.713881750047364	5.578387226535068	44.597889034886975	14.025019773275893	4.173775451360836	13.099614225732923	1	Normal
Sample_020	29.94479250790833	18.627401264583657	7.843070239788408	3.8692597988249413	14.8533185789702	10.951598040891223	18.086995873494	13.94570815348218	21.105901964344323	4.326525471801948	27.58836333815356	9.003375879189578	58.865835070411556	3.709185022156376	41.92841683621825	9.006177974577435	3.8519595636483803	4.554492761734522	5.363692793133341	11.292806684245333	12.463887810883099	4.163266556467077	7.21127236320301	62.9455683577487	41.57683536978892	11.430939491652142	7.675270047284399	8.331398478972543	13.646976192480446	2.6570259537663086	5.712309813226568	1.3929390315696288	11.014616049687808	14.11440546045341	4.5576791594385915	35.65847203222695	2.1689308211799165	1.7085159356245112	9.24841160647332	21.05416289085986	39.802419084379785	4.66979763203748	21.7297183628362	7.109923828732283	6.21752986498589	17.879591763875016	14.186954971719082	1.5274624712404146	32.347616823787035	29.37345437760628	1	Disease_A
Sample_021	3.952851821314737	10.977014914813815	12.109983393783194	9.589548100392426	4.261813807849061	3.7749103424023427	7.202627780916519	23.872544174124144	12.725402016558842	5.100740207447613	15.985766149622508	0.42803829177849206	23.307278653997948	1.2973013487088998	5.142601390796368	2.411695688737919	2.0244914319069927	23.590091858670142	4.628805292796865	10.448974939971226	7.050365229751456	11.905980384784998	7.979070221366473	2.048295073817709	20.010693775765297	4.509757654103184	1.5580236099421476	4.8157164953736595	33.14062232983676	17.29161569489834	5.214002868122241	5.2108463807050445	5.356790180510629	58.953440220620095	10.825835487803342	11.359355155384844	20.70310013496538	9.381964340213928	5.702803261327482	6.071769941267715	6.87848717619757	7.119074731158038	15.29658412452109	7.783031270834086	15.37342050780321	6.816072456948893	7.99355178920121	1.0018009352072972	18.473322691509647	10.448813966051146	0	Normal
Sample_022	20.045608650913493	0.40809496341460616	59.64287560501603	6.4263734331075595	22.38033825060277	2.6119421747743483	13.63682569552835	2.5768930700058474	3.9599485759236064	50.100518326057184	6.106279080643376	9.183724792728977	17.638212807682912	12.130002001652079	8.588455391864533	10.64362373434039	81.72954670299467	6.9753409132624675	9.034937863544126	21.129166741772075	22.320955214768855	24.216405230083268	13.995421242708913	2.356070260454925	37.84245166178153	2.3482129850355644	10.000503735136903	3.475450635816065	6.930012752633739	10.265229526247543	10.189494264667745	11.267480604735074	37.10349867437798	11.629375892603537	5.788327355038227	19.377007219288526	24.275569856178127	2.164938998538931	13.428778722129342	14.897192052072507	5.487300907446703	29.244947195762027	6.359466008932644	8.37772546536959	6.214766635814081	7.505071916977368	2.4687820036937747	1.750583423803767	36.397680978269754	3.1678041531009455	1	Disease_A
Sample_023	2.741780839063538	0.8577950190234634	3.9002406342054883	1.9677882702605032	38.16867527127379	20.283689482934427	3.7130351980231198	70.2763836265924	19.722605929920466	5.3396954338786955	0.6068912189893185	73.03527711634749	1.8412184125992326	1.4256120824512843	20.544030908514184	84.75395453392966	29.496535580803002	12.986483944852598	13.393296782261434	17.346930230524276	15.782923900396941	9.788335522621603	8.20054900576736	6.940729415546679	3.4765325769614464	5.58075975052684	1.3593996735730454	6.697004743335006	2.7494719989138545	2.450790640204028	8.845369936962586	29.725411508844893	18.51010142428482	1.5364881594515314	2.7466221934845416	18.9304396120835	2.7663053091727647	5.90244605154673	12.807771037658963	2.8057069663597805	8.210185405909598	1.9463863608339556	4.04965768793505	10.173455580853418	1.5023135198325483	11.478488723836026	7.245366789587715	12.839032621477935	9.24344021558594	28.908637617869086	0	Disease_B
Sample_024	8.374777436802836	4.809506397909991	8.35030030621559	12.721557928101175	7.7590512903709135	7.695161011195326	3.6619958470780247	3.8079808287481636	1.8173778640595923	42.50308847061813	2.1300314920429244	3.6954221697510365	3.602372781901526	18.082133963330644	5.50166251330011	25.732172897104842	3.7678681940556746	9.766851598970321	3.2048104502635733	63.127035194035024	2.2533130074203327	10.072618575614982	13.926268557307417	11.1763405993426	6.139309896419203	6.489459856861723	7.7199776733478025	6.378914860767664	19.372976223339915	67.39177660127092	4.231295517128491	1.8779805433350394	6.764700249666863	97.48605456332922	3.3079393148627108	38.0582090746426	39.55534435162876	4.247844841882501	13.052544285676635	37.65239720974425	5.057499842978532	6.028026276913343	4.130172138181108	2.6784633931056256	3.860213353721129	2.1728935950618204	7.6452418065978565	3.4213211202083005	9.335141284399727	1.5590931744248204	0	Disease_A
Sample_025	10.286992491167197	17.00536634520787	1.0062840195509533	10.740875139089026	25.22079852668039	2.204187546379	39.35300692606947	11.234832641639048	3.65095268907164	6.988255276795153	12.914192656588563	7.9725579723269275	12.663907171544246	2.9426967031902502	8.752687744796246	1.7972999358708417	6.611257902122752	2.992449726677313	3.5412155978003246	25.43416058091154	22.005889467364526	13.58733516369806	2.4785835190472283	5.384861282554226	24.855963409221925	8.514042963744203	75.13823421841556	10.949763297852279	8.953541178990303	5.424271126280698	8.444715868722566	6.344131190752613	15.000877159441666	19.234437972866008	3.3669609407138097	1.9518293215592815	1.1779723664082096	12.280238285808627	2.4513365191253556	0.8582236123866955	10.89799257159942	89.38916852785658	7.344333683262656	17.089953469532933	8.019125359782972	6.693322226782897	18.524172169696328	5.527443741733363	9.654192858277932	10.192965303186309	1	Normal
Sample_026	3.788270363121389	19.926337507729873	6.20304464509699	3.4703478729591444	12.635494072656389	3.0087719883076214	7.60025012069973	7.321981611975149	21.887059370092008	11.878122145502513	7.206425375016639	16.73941802960256	29.672110048608545	12.907522827969052	7.465949525165103	1.9900579673820038	2.546923950077248	5.445422217641935	4.0168089659187585	6.128982180025575	7.81972920074679	12.549649719064076	6.886074761877081	12.019155200612895	7.881154590787845	1.0248368545671545	2.888289926867056	6.397532980647042	2.204069131457745	13.462778508533969	34.14959861442246	24.99715083309528	5.968867011464798	32.80976343671529	8.573426324504526	5.274658979740786	4.001212084963333	5.460445137847024	5.011940580210076	8.761930193281964	8.676116155805065	7.411597626267177	11.437965963459035	24.304129514730878	19.097436959408302	1.6738092744401196	0.5746919419386527	18.80870719412348	1.8834803239968807	5.9016654934836685	0	Disease_A
Sample_027	2.293059550132011	1.2189862399091738	12.698231454352424	15.786500250739648	4.151582551543907	0.553749814758408	4.279154963850568	10.933199714390604	1.683859417811565	8.87607912730808	7.276792328022716	13.18779129352793	8.327642212667017	2.7924827065401012	24.448564478574472	6.305803671107397	7.190030836229766	2.9058677096241703	4.743227204215288	3.0501698755596216	6.21554828111589	40.9236641023286	1.8740443642001428	1.471730033193165	32.174374974888266	5.993504640068305	3.784551028926037	20.90325079687811	4.032491649692774	45.879101737384396	14.554873286783767	4.536195167543801	63.89928763923147	4.032090907414465	15.519470113631654	9.96712901788086	27.159890999216227	35.21637582514117	7.629361424484084	3.478433781372843	11.704485482874674	3.7519834878742255	55.333983384198156	8.470040845985508	5.1278088782301765	8.887806719454717	1.9210534558034864	2.7965484531655793	24.542686507998678	3.8309228264702853	0	Disease_B
Sample_028	2.5937093104022475	12.637299926967312	24.184311907553717	15.164441476124797	20.00630923999	3.466706165922942	1.782807436373628	33.159645909077646	5.351196395089364	5.749810993336698	27.887934548931803	12.887141217736346	11.65677751829872	64.3928334381103	3.882509681333128	18.687224864660998	7.82256984222159	9.665784503188776	34.071744249427915	12.278327990085698	12.658084210112653	21.59598326210792	5.129700474582398	3.1924553810903764	2.599166472111914	1.0342157506177774	57.75483852877815	2.451724450417015	5.922427268376477	5.602353067501875	10.048332474561017	16.705486736175203	17.46979672399738	4.12440827672806	6.251855415758906	9.801936326424064	5.762139656174444	36.86805935341975	12.073041015527707	15.407860265389912	14.337539947369107	23.89033198127295	8.855347897371155	2.0201424971005597	11.019737154401868	3.852194963406597	4.3552556806090275	13.281392809140323	25.489919784258863	7.547916589247089	1	Normal
Sample_029	10.062674785676707	40.53699218999122	9.400408816888236	99.65190009664153	13.007285787089657	1.270279863106015	15.694991066575154	10.817426352178058	26.836227687844037	14.48598095811951	6.433662784878157	2.1721159045721907	5.995305478418453	3.156549642555879	4.134955432050823	13.31083552172429	39.248157653067416	10.964595924751613	2.234722228887356	11.525969055102047	24.450031069240364	4.015721754216897	6.462284114051523	7.498388979452589	3.37063679656235	14.129720753652451	6.547294110503038	11.240602473868254	3.0419775755562024	4.770932124146269	15.216515101126955	5.089435129636117	41.55275610007739	4.954834736676138	9.250565878913283	18.77621354675269	1.7889596809390973	1.2702213644768554	1.606959180588405	26.11693888976108	4.255200381527983	95.41151616324466	4.202806016355074	8.886660242627261	34.539719531135034	54.93182594774416	58.0615454639659	24.73863596378088	20.5747074101148	13.36349785321419	1	Disease_B
Sample_030	16.092624737023527	4.258062666299496	3.2602409920160897	7.364164065990571	6.232735848865665	4.696285845517337	14.826074889609291	19.207584144608862	8.07204522948435	32.37964812216289	2.3591724148556485	6.088127363271767	3.6080868715719268	1.1427794201314565	6.802698108568746	6.542062558177536	33.56385497813362	13.8850355983533	2.6533239524437833	47.18577954326052	25.054005013389908	13.22485089854375	5.891531030487965	2.8308039802690326	5.0926240283808895	21.949593493781197	48.64681339813789	34.57889511808108	4.531942149606612	2.41182221283729	8.506973568089867	1.2605657579556233	10.207959041322772	6.3750849325031265	4.636517279681712	1.4997477581485887	12.349308956506638	4.337504402847154	2.293509470419159	0.41800486269574	7.188518460586658	43.47784928963316	38.91030846224795	4.678154728586474	4.046239533901965	11.807964436918791	2.722674204699556	9.99207121319969	15.896203043053477	25.2022486803693	0	Disease_B
Sample_031	6.684864382554292	6.027463345376145	3.0710435218593695	3.2320598096871684	5.891561707465345	10.669247167391525	18.422718908024383	3.3095791931218375	32.87421358883098	5.634319623087256	7.232846790657373	3.500088734373638	0.6542666687351679	17.88648493962318	15.438183629383035	5.577119602693025	7.901010930916825	12.37822917320291	1.5487592757273119	4.353357222200312	16.350601401314925	2.1079387553773463	9.9101346166174	1.902974513410765	11.78031575782661	7.130337137730529	1.4694206156656455	23.682570471874246	3.544540112940092	3.2862515311420015	9.030151974391346	23.304287334768322	2.6756121118250973	7.859160937966392	11.345446798708398	14.77749783578735	8.81488310882748	5.119066821001785	3.2297662924923825	8.053798818562926	2.5290936261389074	0.39798121094434785	11.433639049363267	18.24579862298179	0.6956334320072755	2.691959306709979	13.724111659041672	57.8292943361345	7.544310535116166	3.5679708997001405	0	Disease_A
Sample_032	6.154007889404193	29.220672442502327	3.8730248660676803	3.3228006391970193	4.559698385545389	2.848154930263483	8.353413986784785	37.51265934230002	10.207056278436626	5.741075131168637	5.518956105509473	1.5477607226729135	17.86975782696892	6.835726823407037	6.168897201762481	180.02713109634377	9.961751488204527	3.4840971733014445	4.824187871297058	23.299821723646858	8.275260577850313	1.7536897934773283	18.526996424425107	3.7880671964476176	48.100750322842586	21.75944825449262	4.724104902337698	26.602797029248	7.907846627559429	17.33579909232134	11.997914191373605	3.169720282411925	3.882386988444215	20.696421637641006	5.286860904244219	4.93499439321426	2.843050003071938	11.286406823013081	58.120876487655536	2.540769748589653	7.570199769057008	30.332524583637895	6.823404963351326	11.615864536941158	2.5538613579392204	11.339668864451983	6.1279221905642745	19.8009515708567	24.22502165202207	98.45146070693727	0	Disease_B
Sample_033	13.192297983684627	10.234827004056367	8.974473786073712	5.190519077915821	10.365508908846968	5.499177798386079	8.744815200855294	27.593977312832855	2.700555343721716	23.101061321570253	27.58066730547518	6.566175012033598	0.8852768137269771	4.023603977843662	27.031275475044726	7.222000107216743	2.720179219624431	4.4603403678065865	17.12638105603608	12.76533850047683	5.818647816589472	5.120108284710608	4.994023267592594	2.9375908759973735	37.1653059172331	5.353119798147806	24.957104242003812	33.82891979590831	20.051639042117756	4.798866226888152	11.06437060566489	7.2124189447566796	2.993065578543558	10.220129763612373	2.2726810385847487	24.23212878704019	4.643102117704094	9.03548548011458	9.80887778026795	5.7035855805765046	13.285773505287969	4.595586302284993	17.659913506501866	1.9232574168285705	8.384456537726987	51.36356140926115	2.7173813439889587	3.751872427907395	12.353109955830018	8.842607347205353	0	Normal
Sample_034	10.492178756548393	12.051475856414923	13.939429353098022	22.41431555382886	11.131942261414249	5.80513195049408	14.477181224666536	49.396616744505856	6.471230355796233	2.7884076421762662	22.35568540588808	6.5510073783735905	0.8414156180532971	17.243265770690616	4.32612323442005	6.749488455861447	10.298315421706771	8.939678975671104	15.021038981395	4.78034934915564	12.343206097905243	5.699926741651571	15.46857398392884	13.672239784369859	2.899566659172456	21.888953784577627	4.323375897735343	16.577689714331395	10.668412935137923	46.44104583897074	5.909339217444923	5.210538471511634	7.246947850667821	5.45656907205925	16.443691396808937	1.4676894941359078	2.576205502443948	2.540083814754345	19.111831470172735	40.87887281848329	6.656213514217272	6.241236231676056	7.925236512076596	23.61491024569807	2.923106339739858	9.378023089296411	19.593495125163052	12.195830974536838	8.931475551766532	20.106559247801737	1	Disease_B
Sample_035	0.49498278588935946	14.554137530215716	3.8417358812845555	1.1845549129478739	12.319736865099662	29.185107007208902	6.44014776914423	19.160953706224905	37.050367028252595	27.52003964310881	38.0904856079682	15.519968592468823	7.968000945158605	1.4888949315301823	5.777306160637152	3.1795936470605812	64.77648926236026	6.197302938997246	8.35788000303915	12.826141283192891	7.718364168969003	40.24762679175572	3.9643846130641287	8.976476696214863	3.516722381826765	1.9738332983333036	4.00775369717941	7.1203950109542635	4.810003325467138	3.697211992692377	1.8106439153119496	6.79980834598774	1.6409570291085964	15.800727190509424	8.024021683082843	1.7202136539693713	5.423768792348476	3.4828244717610835	10.16727785902244	28.23184076209283	1.1329530362067726	8.289801954267437	6.295702164176617	14.459332826940884	9.144902573299971	3.4834760780973877	5.3706345341999215	3.3333377962382373	21.671697326969706	7.548219054936839	0	Disease_B
Sample_036	49.46130693147749	6.954154050884688	3.638579044667865	1.6262644030161753	1.2175739626558124	1.5156798087961054	9.651628436508476	12.289251557513394	1.5201504313701713	18.084194307181573	4.558250776631891	8.55737095869377	37.048231887009415	18.116793320117747	5.648948107117991	3.030742910902671	0.8591468634725213	3.5996862207392932	5.982686778790614	2.7533558391280355	6.480145947725508	7.97930953241946	5.901130945332606	3.857415575375517	8.746509197986434	11.495327512782888	2.483331294104763	30.293476119525508	6.695340707662564	7.529658003698433	15.00246353459315	9.329823817715127	19.16597619568322	9.846579787612718	4.005076275307478	10.606887191790001	2.354371452466138	8.236369941516228	7.147552635393101	6.000742086883728	6.497792400755696	1.1254139848534694	4.268553846574222	8.107948697208743	8.669892503113333	2.644084443000112	26.19864890339667	3.107520532509791	19.481342263286525	11.32705783188039	1	Disease_A
Sample_037	3.8720058883169832	43.611064566011805	2.2397475715478308	18.5256113800644	20.097236499847632	3.7786990771970546	29.7391779689821	5.754335009195379	9.862045774361503	9.586173872768677	6.460400149540375	16.623348997006698	16.337918925041524	1.2859117846428392	27.230570098489174	1.4014508367211007	20.74999912154773	22.798736934758576	2.48192276881353	4.899757489952621	2.4456118365359605	5.960050592473407	5.430144341463916	16.11354998922538	27.39358182849412	29.83504802889636	4.211555148472881	5.994114830321759	1.3724010646766198	3.300684705627325	19.391825922880383	37.17300491597219	2.1503941009735774	4.085874334762007	7.19649601544647	9.778256134770979	3.2883847279906773	11.291622109073858	4.600480032441681	7.28303542376747	12.759604064453782	7.436663320424775	4.776051262912943	6.621952036690738	6.764152934134246	5.103818423710648	5.704206797824654	36.548756747636524	12.947716595688123	5.498743886988295	1	Disease_B
Sample_038	14.834483020650769	5.291916725697062	23.881990458556565	10.693565358384514	6.637250895500999	11.56191984266608	1.5359112420489907	2.394639101238786	2.239102226082506	8.524489125648024	41.78406302498966	68.80663272592581	13.985919890646347	12.192786116736588	1.2201115217614198	4.294461633288047	3.36092504834703	3.9715339352535706	6.245468628878474	4.608532249710513	1.0209159245627941	15.609976922039976	2.527566480058109	9.386259495878626	58.79652001589178	2.9464922893665264	0.5884357566884275	5.551098178140469	22.21926343669739	52.37070940511684	2.160739243590657	12.142348559669314	4.639884822625002	6.6462424223452095	103.99505469664963	1.6438312931090144	9.523283182830193	11.795205929591496	21.884668538788763	8.149716598605208	10.054804093098745	4.994570550748257	9.670953816349202	5.242548444638937	13.75733160791362	5.105863902083743	10.773618280105055	7.175964561831492	22.78381124770452	7.018898356233177	1	Disease_A
Sample_039	1.2547891265259299	26.099639467147615	2.986994503636538	3.8429244849021904	4.072832510646949	29.2078670693635	0.8731270387424582	170.33183987840317	21.24362412273662	9.237200967149274	6.994373214990677	9.831131898229584	12.44255470517368	14.086481603316514	12.879082272511438	8.081525718505686	6.065770530146243	6.351726821609719	6.08052912693195	22.960379426679534	13.377266311530928	0.39047605333665597	14.237805365707297	8.97763239756132	7.252101170902882	5.010228620605994	22.739709649884443	19.058752828678507	3.4113985261109367	11.10118974850611	2.7964290541961017	1.8596379815589277	3.9482907960645734	17.50337067500376	19.165754091342837	12.342954569641703	15.2578753606529	12.381188782920805	3.890424994614937	11.38074104393074	16.451382647971755	15.709903816542795	24.262049279227003	15.003805174046182	10.500766006910013	21.54513933732221	7.195664851677337	3.059114052669289	6.277256588420933	3.508179897250707	0	Disease_A
Sample_040	3.761514711283401	6.3947755026928546	3.3453792957322843	5.4305394235258335	1.1122503807701773	9.145790395627541	7.397968794946428	3.2638626923811134	14.285509022897903	18.869939205601828	1.4805892280881117	3.4462104995773952	3.424165013155417	2.8866506889673005	16.936564115362543	6.087112681854659	5.671678800669573	0.9961450849288828	13.949142407450664	2.139862565294665	7.8454412472267085	9.751069174865268	28.80815756555866	1.996068709473851	0.3607708972320054	8.880426141441296	44.7240407536782	25.50683238492369	9.112612247918205	4.519330278388359	16.562193478841444	2.791150287510232	11.897850688062723	12.2493167407102	21.332034446099314	116.70624357249964	10.939892462351693	4.441696394435637	7.202481992558594	1.259763613602637	3.688747128810653	4.907268934420568	4.375022234925757	8.605098462159056	3.246508358616514	22.669732559167645	7.3905862716444055	7.320654077722148	5.3233631969352615	8.62953553522938	0	Normal
Sample_041	16.86260190265094	3.104553126106153	3.8262434940308525	5.453589257274233	1.9234665954744907	3.256790301498107	4.589536903300522	17.714600396539662	9.607666072309515	8.967347382907242	17.30331258659623	6.440641916349003	10.918568259231721	6.664388803782265	9.634615065672923	4.125723269133176	0.6447986649515511	6.460591246378964	30.653539473802276	18.65688789885172	19.40241386948655	25.435115564985967	8.074069182613176	9.000820207996624	3.9842460787351284	5.386668711166211	13.677759913475771	24.628010592994006	6.427294735673087	4.710578551266599	7.392958246536027	13.479995193638832	1.7439369701531522	0.7436528495282084	4.260826478529393	2.1799186815976674	4.44535531810512	6.373951973285321	4.696190231539761	31.57821659017275	10.244538810308661	9.978914926480288	13.766073786883235	2.3659198333829066	20.886683178926887	6.849911369727669	14.44691095899215	2.5298063718874855	1.562428331886666	16.741483111908	0	Normal
Sample_042	10.766177704618501	2.9980091318082347	3.0966996604869794	22.76979289274368	2.249230386215212	38.193790622698344	3.002301812657547	13.990687442553869	5.3195117575800674	13.506721238707312	4.288281191034336	6.278977155756967	7.697681467462415	2.7123422058570164	15.499756985076395	4.422859504054026	5.8790788099333895	2.733685299416719	0.5698776109756106	6.1041705690046175	82.48491446186439	16.193408680960818	7.248101846168217	5.680897159019171	7.556936572653245	12.770261086988803	2.2686550903266784	22.518150990179898	15.110370791205597	15.15280594516497	11.455566153358749	7.535435728611044	14.481344516071463	13.353975539576735	5.185982377703764	4.163675538564742	8.181342813419969	34.779222417243986	2.140186392085226	1.7031419212748657	8.71251799263686	7.774799748051727	8.787600241637218	9.43053848028516	5.910897879626374	32.781470717079976	1.4904767295827184	3.2268388545814832	6.664168834488144	1.428766077412656	0	Normal
Sample_043	6.1974975869463345	38.918517503561034	7.545010533401902	9.306386693702635	2.0955902057658093	3.989391017102849	5.077421833523265	5.377829764239953	26.619493746633662	12.905983754085543	2.4315819239674665	9.454631983782896	12.160849672702373	23.107310481484188	35.89294243337468	2.677559668303503	3.284263706590401	2.10101831916638	5.847300728880323	11.779472223328971	19.83274811396244	6.848632356518179	5.366374156007903	8.599963785384045	3.2054647843293944	59.712341342825994	1.48043945518738	8.888342430647315	55.90233885286135	7.43947174687392	6.11020891556124	5.1683556259808165	6.1694415188533736	29.16147458663468	0.8090764141392817	34.24134052302071	1.778984769808087	5.659568603036854	4.810281371986874	13.310500962738239	1.4946254616279242	11.730269833179763	55.94167461766451	1.8904709830484803	8.932588045361717	3.811480979737024	11.312261276720468	7.531903339608453	3.8904043216464377	12.035640443149731	1	Normal
Sample_044	44.89597332579897	6.104927355266965	15.176648173448246	2.0273449733857705	2.839317263743293	11.850929198474848	32.59360255712476	10.54459439284607	5.402933082178799	7.383822108460048	2.116137019740535	13.524668663507283	17.85588351005921	4.701631927971666	4.617982180595624	9.639586655587241	4.77445706574665	6.916206221271962	60.32350261064767	5.77174406562653	5.163733415352263	3.866919496625319	15.552042360313076	6.164307648750513	3.8598447469813797	27.696444076769463	30.557281509900033	4.053482686791293	1.1427756097826087	20.237021810385883	3.7261300473472394	16.291208380796398	1.030347560074639	18.040105059219478	2.200815713968353	15.344607648631627	7.4952768425453735	2.846415776710773	4.91830366282167	14.677540333832713	8.214447162460356	13.255505565037216	53.32688348069137	1.5461351852493548	37.23363706778165	8.20181882435958	3.007821166448824	1.953624517612517	6.115824602706125	18.571907915921006	1	Disease_A
Sample_045	6.504217935630929	33.48692051643846	1.7312164469601186	7.30026794411436	2.111939153613437	10.62948647998602	17.9373905201923	4.851258744958298	0.5465038882183726	9.015525500938658	11.435682967293634	11.07062002859275	25.42625220922579	2.5318400233407923	14.588245554635224	24.3494074000284	1.24783795278718	10.172132016725483	4.462995462671914	6.810580282600157	10.461234613326438	4.53929373914279	3.759522372860258	7.645768958297546	2.4911739397917607	2.494715940240332	14.575955433057555	2.342470085788799	14.386819873791648	11.735181466173618	1.3154690199598702	3.752549019748766	24.388443743740915	2.769964402019909	4.644091366281229	11.728958780994676	16.173765391506947	5.7457538087015125	4.065309205043671	30.641946217360356	42.051693697879664	19.665346989980907	8.04715121582485	3.2927868673568224	3.2205610819948483	12.459882775705802	11.227860351372675	30.012038753408596	14.160410706427296	1.6436505253907692	0	Disease_B
Sample_046	21.156509115093655	2.723558705250309	5.033062914168711	9.489635530546371	54.362114672366175	165.65686256767665	13.554560502320317	6.152160871220516	12.610195437646428	17.95117236964876	5.3619749843392706	44.4876381372835	9.300524153769645	12.155030160522221	14.38123529162611	11.26371627691627	17.09764099476458	3.985834949783872	4.22786968678666	2.4592237885127073	11.467319768221502	16.10188753813664	11.678772365141324	39.42863911509429	7.347822282084378	14.421810165875947	2.4801005999761503	5.017341930353306	14.813482674149997	17.272266293641962	5.507071823067851	6.878500985159613	1.619514241443481	5.170507257062942	18.000205302395983	13.134009565991956	12.190606807557753	7.766143329620582	7.4414309223726045	3.817817256654922	14.862309139759493	11.256806235114889	12.085650599436386	4.366514778272957	0.8578355025273819	22.134837210281514	4.577543698969329	3.1181012285149956	14.783015374254687	4.992752495946672	1	Normal
Sample_047	21.32620043230009	13.694659640499898	14.637245225941612	1.8852195547758352	24.827303257515688	9.595080615362034	5.107565443042293	8.528286544921121	1.2507767609774492	11.118971699507547	2.6396029069687934	1.9104326106923173	1.6122662755423678	22.481401670897107	3.9382505675147437	34.25140925237486	4.324076263798818	1.3399630546245958	2.4192935112615963	25.42700046868409	6.322418582539009	4.270422222541608	8.671295698782124	12.204231503693066	22.587548788693866	31.45315291820894	5.156362320384588	1.9619763634865162	4.886786054700241	9.585777663412916	2.818602159088213	2.837289188100492	10.420634026529552	7.038166165834775	7.6354127343729	3.4608169201807546	5.868501298324731	2.9322406441206774	17.9968800285415	20.806164952183348	1.166271767772471	2.9168058769651104	1.6544535034628922	3.857333206609609	6.797548484600222	1.733868050989965	2.9392080869141384	2.707545833016952	9.090840147618	7.919628807881266	1	Normal
Sample_048	3.5903957983604156	8.81822737685727	4.277291214454103	5.6313257256141	39.387641134139336	28.232140184011477	2.01459616933433	16.940927128790236	16.633131079920066	2.3437136733537054	16.756355912447628	34.39571244596079	2.4047722337118773	2.952042131975309	20.443428106264754	9.693885353641425	12.826024555565347	10.387355159983947	10.921091515224223	1.961143794566668	21.0587827654014	23.797725108386384	5.874431303449301	7.074685924068608	1.5982231764430552	12.35739607162356	13.092734286395709	6.9435209197096	22.745182389441204	5.290552956360582	12.995536156173142	2.665350746913342	7.2170613089325215	6.206801718476782	9.256332593951758	5.106289785708497	6.478748793699317	16.878610533969603	4.774244601416723	1.4820450125617306	42.50339283710997	29.413509590712753	2.0293941594592035	14.727372030826729	4.468376883838448	9.616565798412337	9.91673891668868	5.8450327599119385	3.374456702784606	3.704169020709142	1	Normal
Sample_049	2.9559145179513786	3.216126842997675	6.90897789430287	3.611921892552774	14.615053595486907	32.69578450379206	4.136900180154647	9.387739228889277	12.178658422788056	11.846142307616851	7.9721583698615275	15.528583436632024	11.968149977315791	2.1432804538613066	17.622139971128014	17.944628769652294	3.444276596183905	7.674766238213048	14.633727873776838	5.9935637217660505	21.606151110109966	78.56077229362276	3.366972482247981	1.8569872136253145	10.012342636880737	15.204060116721795	5.8657692102896055	31.603272119609276	1.937491703703573	14.774734935028034	4.031502677312649	41.23873176819511	54.19102764669118	3.4326872601910536	4.265002913626266	17.45433229658112	5.0171866594941745	7.061014810699945	7.579054233339214	1.0836411912075756	7.287512405005504	3.707182766156435	4.512616667417944	31.300435258407045	2.1032696408122007	16.66324151846311	5.590323013513792	5.585867970759204	16.287075774796975	10.38176907744332	0	Disease_B
Sample_050	13.073836210333036	19.456567243067457	5.3052219910471745	4.005879934963273	2.496399449205476	3.2368138619160263	141.04717731599868	25.65348887118198	1.9134839418000256	1.9690319839070662	11.963568358041911	12.772121622273884	12.792816920462727	5.726154602772299	6.5178576457082595	10.256170496966746	8.051778561094066	0.8030804584377259	5.872029818752851	3.1537542410603776	8.80404626729236	146.2414470369798	10.670486564807685	5.4003853591393165	18.57471973087589	11.97340436466542	11.246921991415453	13.5562892809536	57.774272540436904	2.384791179338332	11.865464961960182	2.925948992717063	12.877899773829752	2.9485498951027567	4.867756660942739	5.500891036549303	19.605629009076505	18.512652994383746	2.1260857722957565	7.806323504839904	3.6343131744498196	2.0990714689891683	5.947571289426189	5.427709444611262	83.65627891368777	11.392552191495183	1.8633622166155135	4.200594218298089	20.51965680847247	59.64693551976644	0	Normal
Sample_051	1.5128823732947836	1.1275821103204082	47.98868122900345	10.909284082298235	3.100946129912419	12.611752106508748	0.5295393829866862	7.4140400495621215	10.25557205337849	18.62063062704636	2.680769949114861	8.05012131419584	2.9287490133058856	9.538953235274407	3.018179024894783	4.913070785310431	2.729680597801254	14.170130196273664	17.434502002996297	5.8437892466850645	7.677070238071534	1.7356961729970526	5.475717689726325	7.027249538458186	101.5745580640009	2.4303443964051263	31.950161601236843	20.022542693023297	9.782904313090182	42.889218794344096	10.719939078029409	10.904321686633455	7.006787674258569	25.117602179812767	22.11971370616003	3.9523989058379594	1.9753642375030405	6.031642505407003	3.3199888868961347	6.934267505856557	25.468391510587	4.677193941295543	7.079311227263756	7.830471574428598	17.260676545712087	0.7812271440428709	4.028119755744328	9.127425681749727	24.534467274506927	4.518127113224111	1	Disease_B
Sample_052	1.131390371862276	13.731760658416146	3.9143042948008238	2.2486574312728664	3.9576666044174402	6.143991684094128	4.036004976271703	0.8141863100050064	18.12090414301055	26.439921375362967	14.175597371548703	2.3686361599629593	6.040630935750122	7.341026513111048	13.447515792708218	14.416025773698895	3.546021253261096	8.020458232062115	11.673022434882217	31.6843327010061	14.946939151201425	16.265668951733613	8.03515771847288	30.279143591796377	11.131320437700504	3.123368571741528	30.065248507302975	14.84856566753538	4.744357318139315	4.574544050191972	9.940084733615608	11.742148391937343	9.000609215273021	10.087617417638134	40.445580313329145	21.575170772526732	8.940894063294987	18.940653308868132	2.6312949369341183	11.000349554186712	45.11913111192032	5.941455307371394	3.1656742667709983	3.8493762085028815	2.4852343542759083	3.37109659948033	5.101282105695793	1.8120032130422823	7.5053667697873925	18.215578213862443	0	Disease_A
Sample_053	2.9809553007085796	33.76024489302528	12.314680515546192	20.70925259407199	3.827322398927552	17.36619025300762	2.4795227437089173	17.997763511878787	8.774408325573454	12.848810256150529	2.280524349497204	3.019013606659718	13.426471163351767	2.8623758471806666	11.742400813636348	1.882992362312793	17.25624682433848	2.1543233536633073	12.836593222155637	13.81328670461132	3.6811609632450133	13.22391016393398	9.587328353074273	4.310949337607893	2.695126968652653	1.0380815106801191	10.481900913280832	1.54526779996197	8.128238223833907	5.677731583817285	14.5725959529513	5.462761879010235	5.315102058860427	15.36159716312863	10.330059355860579	10.13663366337196	11.813791141236248	1.5911036211269085	15.74918597780327	13.632665584016069	2.673308573604586	5.788768220194402	7.104246560551103	6.459185431172808	10.317690709647726	30.918873237352678	21.796877545374574	1.9892959985425893	13.764185847886582	27.908556308502135	1	Disease_A
Sample_054	10.878719273749597	21.998635422529883	55.27222078523378	20.567446237572046	9.481178241687143	21.01189012839298	8.541083156715748	7.567804835416251	5.19962113503667	35.28342683144473	3.2594919316899134	34.204859502059165	12.180838761444834	1.823383471007513	10.672275381900272	0.9048134332387976	13.811588923750437	17.907712446573438	4.086316873220257	8.360746320972122	52.15173413645963	4.45600799011905	2.56277950321933	32.51376058893795	52.593218760562394	7.416414147584753	20.317102832579437	28.260806503145417	3.516674390005384	4.5480299657057115	25.301774032952462	39.84569139081224	12.973137327527269	3.065423235560347	53.896261290655566	4.345014527404391	5.284945033676884	10.405534566902542	34.95845724670444	17.356654483081115	11.188265438697098	11.743366525125921	7.7176866982246075	12.91177278941779	0.588863967098955	5.492549518700473	9.40575687115354	2.3372754569776295	10.87344216818984	6.022658535407437	1	Disease_A
Sample_055	42.754553242836366	35.62400559993134	4.637588127009999	6.354494059138258	6.862367057890475	4.70365809392619	8.98022541622104	3.461555072821642	2.385442555677154	13.77301473663685	13.867244996694536	3.3058189715080455	18.089930016354483	3.929146673322701	9.517814356447662	16.782623113207716	7.144818690169266	11.64341649020638	4.408658094146407	6.071061198560164	6.014303621767721	3.502306156807403	6.191800005325207	1.5704806219394336	4.52151110327805	5.5573673983766	5.719150312001354	5.803740097518028	6.946485165994962	11.93459729954799	17.716866122247296	3.8583312569623356	2.2184286825255177	2.60636254341131	4.539410141375199	5.19698516860006	3.4212429947575944	2.021587989019215	4.682720163166481	8.858935583646426	13.396982108863916	4.231586352101487	4.889070374043911	2.9250210906974794	7.160364085609665	3.1631594871799416	13.106755879205327	1.2387880319478062	5.157078967057326	9.98523337538203	1	Disease_B
Sample_056	8.88029268357092	109.18390517934245	10.483473078037036	2.707282605318095	6.716288886192856	1.250762876721858	6.816868830747064	3.2121610759287966	18.456013928540074	4.265074827781813	6.574733758267198	3.913539308693987	42.04966214787269	5.358891981705128	46.1804728649717	16.67902200000297	11.965969275749503	10.68384884458307	10.955014517234059	1.075007266029927	5.590767664139806	17.204276234163398	7.036443209140149	1.812686779500863	7.01180775016869	40.61370276756786	25.710300661103442	6.9448195325448925	19.13366362345038	5.12173362120633	1.344642815596866	2.931557969368384	35.26492234119717	5.6181752252797805	5.792801468663298	5.474833168465344	49.60723001666518	37.56072345095354	67.95054991144937	6.3025530012227255	9.930635646495704	1.6215094109116672	32.360366767988005	2.2984165946208095	9.177690227444288	2.466246779110352	4.10059946197874	3.198677902453955	4.023389631759228	4.309738790605097	1	Normal
Sample_057	4.270501232769077	17.002049774875406	2.44767160394848	9.21231731331551	24.97709368633256	4.422935586552672	3.6041325197370564	5.867774171660515	24.040146613043706	8.971991156262652	4.343957093484671	11.987646379998289	2.4539717886710597	14.604935367223387	11.118465755788966	5.4313706773586485	3.194447676091838	3.04444639793945	12.614126495143793	25.25389755666415	3.906696972713568	11.685943433110134	0.9166523286340662	4.118060373358358	7.163087242266745	2.975215826289564	2.896472522934534	3.7894483087727466	9.896614493743053	6.126790140671697	0.7880204534352787	0.8862996743758493	4.02745564165664	11.677764762981878	0.4735466532373548	4.482898500089376	4.365584749207702	29.61668183857504	5.0277782578170545	10.837246867505147	8.510129331726315	0.8775981484536859	15.930049266942982	9.165042380566728	12.283644224839597	374.74196898879876	0.9193274218536787	41.45865434439734	5.543092070892492	9.848595974882084	1	Normal
Sample_058	7.060301490984134	4.83443210311743	4.179397392880146	10.272893586025496	1.620648379333293	15.651694212580246	4.873467008074333	2.3867453531541583	4.7114096029163255	25.975381312611198	4.326093379677106	10.57458645449348	3.557449033139294	15.76704259726123	14.66564580745038	46.92773349952217	6.199297966937381	14.42055767401728	8.150404350162596	27.000942744642774	3.6008416593173633	15.564696625287993	6.081812158069179	6.929667435129564	8.099096274855349	9.509015954873226	6.578264500850956	9.15878184208447	35.806092395106894	19.7954019426865	17.622114033253617	4.685443026514294	3.0366628683089547	19.2074948231588	17.743988677943733	32.22268397341266	4.0390898180571675	5.873503737649017	1.4340689703146554	4.990464012609322	20.016771768885913	4.6343901749504495	14.019928688774565	6.107374002673394	10.217041160414512	2.345054424062423	8.046276594905427	0.37115483036973534	6.129442758614322	1.4470496454472164	0	Normal
Sample_059	24.680032516159063	16.07728414071584	11.78315515055001	33.81844038232233	2.860749001482495	42.409110011274876	18.768718309196608	5.832494096740799	23.00289660121976	2.4441721767704525	3.2397165404849124	4.020516097126118	4.353683602500862	2.56880897398125	25.10540262739389	5.7038740372105154	10.511868670353316	4.177231195291789	1.196495299062667	9.67995602485631	1.0917097273917948	6.898927425320243	1.8807769470317377	53.90784416965776	18.381830835622086	8.213291784437772	26.146273554348223	3.1698492214108343	12.723865187175566	9.02330282333485	9.621691504924259	26.373336009182967	15.371145802880843	9.862341971006595	1.4121488675243419	2.8290860379910336	6.535775876863951	8.112226550457976	2.386424630418461	82.4075184088104	33.66282306446273	13.492288774971374	7.940981333674435	5.976236548317081	2.8521740840509064	7.98432718710938	9.561575742887404	2.134514935794433	10.320956266517884	6.3264607158978015	1	Normal
Sample_060	1.0965758291570056	3.125564757376412	4.886100133453406	48.79791845507214	12.891305920889241	1.9435543402227642	12.013563334953645	1.5725460772353412	21.817034284944704	4.612985900878044	6.72857788325118	27.821153470236446	2.0397687251724412	1.8273773829668352	4.122256360039155	20.871380177278436	1.6171315384817355	0.435110351650299	4.706013418170248	12.829417804275451	24.53895242095231	4.649867097065617	4.8967581929124595	23.42727013611807	1.1391225810369419	5.010216986397064	8.939001464381219	11.579296526411875	4.437953322687167	7.6479758014354395	0.6136519590964803	3.825738756814976	11.62907831278206	2.766840251702034	7.83800408996476	11.552160789389514	5.245920878838029	8.762346820885638	2.8214965472996356	6.009783474159137	13.601990870827283	8.644929472935532	4.110187839216031	9.246234654666731	15.098717261404797	0.9512852836857149	23.5487811893616	5.279045270139559	11.307768113845292	24.465083154331122	1	Normal
Sample_061	1.87447065601134	3.6348178423079487	5.536991507818058	3.3744976839945426	41.885368934381766	3.1368775871266337	4.2395334190554825	9.064711623333242	2.2207622080653455	4.9744722682170845	10.149792493109313	5.296994560275653	6.7302557276526525	4.352140911328443	1.625035547324788	10.191899227194318	42.731359775323845	7.526285531411661	9.255927131095584	14.771841321897542	2.0764703464723895	40.549143494435626	9.046055410240948	37.782910570564255	3.5500688741779474	45.51590942612048	16.041121100383783	12.846097720108947	9.337368378539882	5.763076126684292	24.545576592480195	8.502496870645533	1.0334784995719581	2.4176924163556315	6.135884544528962	10.074414410996791	6.98253136729622	25.00237423586934	1.0501133765021622	8.529987844772073	1.199639115659179	15.795297915939262	6.7230457304795195	11.241473970395317	3.114650788113028	26.561556648850043	20.941328865592222	13.243995805981964	6.491429400896725	13.195254868370677	1	Disease_B
Sample_062	3.6440927505092047	17.384094153156457	38.454698814501604	21.555059314701406	3.5622683901589243	10.605972833382685	2.027611412632767	13.097093183239176	11.595341386813292	1.1390375602864693	2.3122386229149523	5.567026688567391	5.469243203604037	2.20454924635824	10.90235400142876	9.501727355193916	6.084416729482552	3.470187058455286	21.088062591311186	38.683266373932305	4.555970252007329	4.006159624659969	12.075850905400365	5.165338409910288	6.42761016301616	15.481614393732544	1.0948790630794574	27.61343210622095	7.946094295240376	4.896432385967055	6.7582626039954805	7.116594817262293	1.308391730771942	32.94825259266649	7.70081087895796	11.507536061547869	19.135586529199188	2.661360724179486	11.863564530376204	5.653975404191232	17.232045747616738	0.8805333986098146	6.691952598283637	4.043777760232662	11.384615775467193	11.822969266000415	3.6414214191064183	3.6248979486867845	6.614965826176369	3.014270284974572	1	Disease_A
Sample_063	17.14975170135651	5.107922672525906	0.40373836616127995	5.079322788625349	2.6155023417301217	1.4458887502001785	2.143785864905899	8.243363660346647	27.90039449263236	10.106557533032698	4.028912997001271	11.656968960166491	4.6688355317326335	3.689163102493662	2.3294619816875555	1.281679328261382	5.00319292407488	8.654275617997248	6.708506379362026	4.874575735526446	2.8698332851982653	13.57522162542607	1.979547097792986	16.055121798540583	2.7122620216756657	3.4818534850525706	1.7044028407952216	4.4754094874433115	19.595745149830748	12.374378542971302	19.656775971477128	12.45525404996346	2.4505933317706674	5.30797695909678	3.386513313067872	27.954408186626367	2.2326994153707838	18.059966433720092	18.046538077238726	46.04504708300531	4.905286040242375	15.064216444501037	72.35986801633048	3.9842867919643017	1.5919501155339226	1.1274855384367206	15.070090664752243	1.123950590574202	5.092052276608687	11.442256202894335	0	Normal
Sample_064	8.892209326616895	11.30725849489439	9.228438483352987	26.545647899094792	2.851039370673575	3.7546867571678826	3.4121430514390263	16.948711476691415	18.181390816757197	11.602554847297245	24.13091182364213	2.274952407999914	39.143098037289285	33.894020815704096	15.419331235387446	43.89493373584583	1.4096998259408042	4.373448654797254	3.5420177098934063	15.202795474788013	2.585345773174326	15.760316226118691	29.094121515576294	14.808523099067122	9.813421834974228	2.7514461855379664	3.1681538415695782	25.780513227822023	16.108530943187073	7.106291231333576	4.865115489641002	0.9745223035618334	2.532349635186894	49.969813201676125	2.0534974836078494	8.930566415113399	20.235611002365747	2.106604336603621	8.888074858995337	18.876458006148024	7.481993909514534	130.1129677325321	1.3929178799501847	21.30045704259244	6.21644538948517	15.989306496612516	11.48804755344954	3.5496315270037004	9.290537345735869	1.1526902389510814	1	Disease_A
Sample_065	13.5075326049198	9.955831560691328	13.994440850401515	21.287463366337516	10.67196105833197	8.56847199544164	3.061581655588711	3.6247279468698146	24.2092458515407	31.072879772542688	5.823430748091544	7.736912817545447	2.990335609268518	23.873208460973416	14.373939696101317	51.481238301213004	3.069998038949573	5.063166615915159	9.313322691597534	14.104438537273962	5.955602436157196	3.0865035392745606	17.839364938910858	15.1975672020474	2.9556715958553323	28.65829130463659	23.81221559257279	8.451099043642095	8.001250663319338	12.859177658954428	3.1214477909270864	7.614326047626382	0.858658883589985	17.75124484372149	1.550390411431665	33.22889499002982	5.3115298761859515	5.979476474553204	3.9442786817439317	5.5398151073511555	30.524552053529245	0.6139703410165026	26.495247733209204	10.360738116934032	2.2099686991366654	2.5210805692835327	39.50364820285735	2.8705197761818595	2.3318209580490596	23.04190563741662	1	Disease_B
Sample_066	10.366224493900596	2.8923647596323105	9.176308278197954	2.6491724715932867	22.216192134087482	21.356816545936702	12.578716245680829	10.608558290430304	42.999484397565155	7.386738717874033	2.266248620969788	11.582251842078525	59.50420899950323	2.678455993879511	5.147634214505205	11.205962896528808	7.00129513337003	2.7668138392317485	22.688492468367254	75.19169018698491	8.990167310314863	2.991969033414343	1.5699432542960303	9.563712430385877	22.284187435026208	11.883700395005128	7.371315315082262	4.098939772558605	2.4789531826154287	17.026165814689143	18.426164189268444	1.575023532300679	36.22824191936337	13.119126727464103	29.951956415397234	1.9306799595446826	1.8854675826288327	6.366377905715648	12.216462494040508	44.538804611334974	14.970459816354095	5.796873515653556	2.64753969649081	25.279671449110687	2.8159356155810724	37.65510570598006	5.560095867074833	36.25517292930456	14.569514387838849	6.4430659792417035	0	Disease_B
Sample_067	4.395598187181269	5.254538202089989	11.339777670997153	7.981740506134904	4.080373759460695	6.261179523720799	7.993086892976926	0.879207720709281	11.683389296356076	2.773967969890315	2.3318631816233353	1.367050710007143	1.228885304685004	1.9051342849614379	3.636344949335084	52.10490746588401	4.367192368846046	8.82642538303356	11.028484066429787	8.423834987116475	6.8384188270391	2.2360395353067832	31.52962399823427	45.024043344891616	1.3734712657522536	2.6537438302461887	5.585587713114263	2.8164076928014175	12.255386485604964	3.5670103129846367	64.39629290114256	24.30175559254412	9.139210750896897	20.63495047843631	22.32931578590479	4.204067512271412	3.2667080178638077	7.989618911588222	17.49011955273401	8.491455296537207	1.5265396660319916	3.3107526692079157	6.862193456020717	6.850587367471327	53.119398239949476	1.8478301477431869	12.250775508899423	32.75688301278451	71.62539898014403	4.9312996638747695	0	Normal
Sample_068	12.078529472892097	13.062693685310055	8.984328048817634	6.69361976463317	11.426959015257907	0.5872843963710007	14.615308255514826	8.382765765538872	5.915198781596127	57.2176373261243	3.762433596729355	4.937820358886855	54.13891818633428	3.2153579698630605	4.262623079136345	6.378765456834177	17.128341378866615	9.09570666696248	2.028658328947113	4.339813769216282	4.025485669365832	6.839939966558122	11.311768666033586	11.22569958916438	1.2510563143654676	21.41177464052234	9.512139700042512	29.50418293184981	11.52130957613379	22.227337666994494	11.781674448404925	28.395360132472586	12.456600412180892	6.699847423710481	71.69598296525426	17.975992583047557	13.114840098771117	2.062039586381525	2.0374364644129366	9.901789339197254	8.546494490535208	3.998332643093655	8.507794128238606	36.18435807386138	14.811478797092416	2.3607786244708313	6.609388728812704	3.3036685047975043	5.014331355399162	4.886050626721359	0	Disease_B
Sample_069	4.5830028041965205	2.106156301146833	6.5035313792040474	4.218131945727072	0.39477129174865444	57.56829743928487	21.950055197635447	5.071817705148127	7.5294278014453875	2.289527931079993	40.274675737124106	49.26868540610134	8.64251586274324	20.56376701103715	8.804709765443096	1.9411383146429781	4.894815731457101	8.43110604436359	4.690092388274311	5.9378476698284555	6.743644073153411	6.814968903130829	7.7854646632383195	2.5584329281140574	3.60738758918769	2.0450366974560317	19.644856526719558	0.8997422533502082	23.419999652151038	29.557851101076963	5.4620239780461874	0.5470926634847265	5.148417768392741	6.929695263480292	2.6896250037106295	4.414001316948933	34.13062922459399	14.366903055735552	2.9312703206956288	1.495410618605259	5.328035959603955	5.968783994531424	12.136278467562896	4.326172869987687	12.323396072586535	51.170031584345764	16.701541531602857	7.042135714283628	6.152444785643248	5.172348629946751	0	Disease_A
Sample_070	24.062170355732654	3.9459374423807683	7.730880082773218	7.777211865228529	4.473700002053678	1.8729869427143575	10.205986946288267	6.951768086410284	12.185423830420161	4.333604715822971	25.048684190177667	3.0747580609220546	40.9372449856497	1.2870637873055089	11.41319411378843	11.886825458851392	3.3349007942018147	11.295381641241514	26.562984054854056	0.805075804147542	12.215978494660817	0.6106258767695963	2.813235365030002	37.68139099013823	4.129754518588394	2.284437984822045	6.062136350339197	58.434492364412634	1.1833125517859486	2.5823248255377185	33.030510111890955	47.35641749178424	6.66299295141136	2.140302763876	60.09000381351117	36.39539995336638	14.569743097543004	3.2791939690799152	7.035513352799212	6.294271405101228	10.286694917478805	31.531953803562466	17.80389121760382	2.5158832204996813	29.268049199483617	10.106028631788147	14.688513530550688	32.02576897738527	2.431284577730956	7.129024589090113	0	Normal
Sample_071	4.342913553827973	1.540551662427186	10.451128652524028	91.06345321345471	1.1734196405155295	7.1543415981607055	14.020813933251576	8.35682191954982	6.598695298757384	2.0153313761735854	9.325818560275927	3.4668140222151913	0.8270238832612314	24.400221753443294	19.26684648006549	7.780814131374929	9.29126478376874	21.635122000946545	9.247374346319454	18.247307862457887	5.487747056788967	27.43950432053129	10.183672739134806	8.971491543784685	2.074953847544283	9.844922640367491	3.2157000614909452	3.902889879474146	3.269458489595204	2.5440697641092087	61.85366807220294	27.975777933753097	50.41897045349735	2.175165993424629	7.934765095201633	2.0268692775652504	3.68512749274606	2.9502001531732476	25.523102092588804	4.971742199781638	21.50701871443542	13.519335088875062	73.96845748305924	1.6829627415720763	26.02957104944625	23.253156131240377	2.7916174581964643	20.229326054713823	10.341293552307175	5.885688581363659	1	Normal
Sample_072	3.2415918245517434	3.5998441344937704	57.38667283462129	7.394103209448176	16.153391078553287	3.350469945819296	3.3876858690010296	21.801631561168605	1.9163527851264592	4.878248454091394	7.6448132478603	8.25957060933837	6.177457104226547	10.977193267052554	14.773806117804428	15.404159116542502	2.75714628834489	5.561372342912339	24.40438579581468	18.077122482595485	1.8722493117078485	10.50109881097214	1.0220135506280705	7.744128180415535	49.292257337942324	2.863679346275359	3.20809388190301	15.863641324652283	1.5796423881237776	3.9245236080193933	13.415907605142454	3.9185204734315584	5.835908854813612	15.551944986405092	11.263259800659226	9.64865373503149	5.263929077063143	10.698046078095812	6.529088322922933	11.67915477848386	4.495459893302921	6.156023452212065	2.745716902274584	7.134858293635736	3.283792933189107	2.4252959297678727	9.57026741241338	9.140725656983955	16.16540936394436	4.801241020455813	1	Disease_A
Sample_073	11.11230271039004	12.81732244806642	11.527941773768106	3.2360269171651668	8.579395721338203	10.634892027673274	7.442289030443788	0.9171560393156967	8.675384294881045	67.52723779657573	5.154967079110575	3.5677063208261464	10.733273182068041	10.09841226966501	24.354951245184665	2.1004084883837204	15.35406488874033	13.33539877070149	6.4099627716413785	10.367618239765015	20.68600700516502	17.67790191193914	2.3560363348347892	16.77950475763	6.926200503587877	7.947632598886542	7.950199248063658	6.358274345436858	24.3299352898681	6.79564550502009	2.411994193724553	4.985183155337699	8.834766856604157	25.259814778564134	13.505468600625596	3.156502848513414	88.69379364426986	9.628960836238914	26.45355987246288	6.348925375781133	12.595747345248142	17.10667100216506	24.98297796977345	21.271503335176867	17.675809326560483	5.391983258922203	4.171409373828527	10.304776342519334	18.78630359865484	5.913744980766974	0	Normal
Sample_074	21.43814829670009	31.582928759480804	2.9555332189553924	3.1997711646562426	6.4213279435018915	10.050402346578974	4.372928781036815	28.565585208314847	11.291687793244536	7.686357838499616	1.7578482504846413	1.9821541018618811	9.7865525078584	0.8758191788812637	20.340976730391834	6.308173387394506	189.25455667956138	74.28553511591528	6.162921476314406	6.643659873894308	19.99698503623378	40.57583165471579	1.4361572103077989	1.2381576821950606	3.966821698914646	13.233315920247634	12.144465972450487	21.536979943062008	2.2262141933118045	0.7289545730547824	17.426886160649	3.2278094781748354	0.9816819878305896	8.542585775263706	16.33280542854193	6.5400372938652165	4.674637472841299	6.300555271545539	5.1009012387527175	1.919285320923717	3.6158223881765115	12.444514271101811	10.1927689394409	8.74130774428404	2.7315016642842966	6.162588115108624	0.8377252917004164	8.832840619867033	30.84139273865984	1.691926580254347	1	Normal
Sample_075	4.112669482046682	10.26876515572799	25.86375672447268	4.719842279598464	3.6978429780041684	1.0315647844168128	8.194294581098093	56.944439118282766	9.750889015838734	7.226255718869072	10.19688529851691	7.3075495307546	3.2771876399138966	16.831967667819395	9.260532228735581	7.520354305415057	2.786075494279326	27.207915226258233	14.363679240656102	4.250680818234756	20.122223552880453	4.492589050944505	3.3804083218815766	3.4566395282978757	1.2572558472846664	11.840695631828497	1.1839485979924178	2.163129830970355	0.9271981250904346	6.779682739064253	6.357781779633834	5.32974709022976	2.6049729866133267	2.288201748823083	11.7560718880411	4.260762216304862	10.138685164256884	3.0488098881837824	8.855712604125596	27.20166099189675	13.278760454107674	4.891926444238436	9.556284208193714	5.808572394681569	7.447513249780299	5.335533863336219	6.269300554491498	9.134818793033098	2.736394835086387	2.6754595848465104	0	Disease_A
Sample_076	1.8431156840982341	1.4914203120648464	2.187408058091371	8.666478233288412	3.025911851307476	12.349486264975775	7.650061972244012	1.0319970273309391	14.224638749464368	16.623188955353047	2.735016107258868	11.24801358564273	3.137736758824547	8.147167955556593	2.086528318160911	1.2298516439874227	5.038874836264203	6.529112701441134	4.964538320596584	2.261366873578451	4.9535323981651604	9.672576848203674	7.064674690669666	8.86845883194839	3.7806078347414824	23.848418734977745	2.2792049213534584	12.031886056046483	24.092271223925998	11.9521131185473	6.034396037680816	4.3566479956409525	20.82361441293343	1.7807329954536975	2.8007177948192843	4.965143674339066	25.473883669281637	10.802392485596082	2.8065451459736783	5.417813358273815	3.997530741603693	3.6335531828092695	19.665966611070232	1.8743405122209462	36.921013323907566	16.915488646765215	21.996023138883196	4.650898784796508	6.360196549734978	1.7627025753621368	0	Normal
Sample_077	4.372511652826745	12.105438902005773	27.006107976754045	2.442063022750291	5.126863470900805	6.3515620816815614	1.8298075507661875	13.34776882624492	3.582316536049883	6.07759858766378	4.702294721052252	3.3557036973276424	7.337183242304743	5.955948222395503	5.094401123282018	3.566334716469285	10.170838660125474	38.61409126347283	8.49847922547493	20.00772031684171	1.8400230060790081	8.6517485004234	2.466084526771825	1.687207967459196	3.5276382376594513	24.334603126839937	19.10625615245495	9.421598082791256	1.595679142224333	6.072190108301745	9.991153074790821	8.806906379932315	1.169067493028582	3.0333940828887997	6.930432602462792	12.632728035525613	0.8219071708850084	6.283178760800059	8.525389999617927	17.281075283878945	14.773833130546166	13.231115874278217	3.32031445331806	1.0963624790165059	4.987562148241258	20.118339765639902	29.76861133621724	15.037530390772917	11.35139703119431	10.801010001186565	0	Normal
Sample_078	4.237109238025316	6.487905208633115	39.21539996216576	2.878997070843796	37.14312861169286	5.354684822587577	27.81101343848156	1.809743261067009	13.275287194943065	3.5368265279473996	1.794511442612413	9.19384319791454	20.276686718910238	3.174209298245871	1.6503444761417576	6.740642425007704	6.77043047938748	12.785601149635655	19.098209197514805	6.962821768748414	47.25239378601078	9.246404234426052	5.225620224151508	1.4746676478294523	5.682211353033678	5.278347390959712	19.303854602023083	11.733918021436791	2.271932698696083	8.778050869930167	14.462096201201119	34.05685586738994	17.948453718617007	15.813225617861255	7.846644550484466	10.895087563759587	25.777574298497292	1.9488171572852153	5.209900057621173	3.4124525349553774	10.795756267616984	25.285274119175778	4.067488420526795	0.6768508317685509	4.892871035276773	18.42067604833014	12.649654505088971	11.338298555108913	5.584565870273954	2.0564254636972237	1	Disease_A
Sample_079	12.37024907517986	3.2082261718476914	65.63418896152595	13.072453217192878	4.134439203724129	4.0092923427331	6.733235550202261	5.81533316256801	22.574789516803634	8.903248140328778	3.5550469186175433	48.932445575407186	7.7625301516316645	15.940127562063248	4.021976677313249	10.624000371950979	10.085613385700636	1.1166696266579859	55.438545028391886	26.8601684080934	4.966943613589002	2.4540267812749477	10.460033003096536	8.058260379502105	10.545180686247614	8.94931860791016	12.258762523319016	31.415635014679527	13.041064741603773	2.586600592566983	28.863067962782115	38.11525377234625	172.7865010702476	2.40249064203589	9.42044203974525	0.921181030703616	12.847498927169061	4.270793758278267	50.57441392872139	3.405477041157362	1.3645394358021767	4.6123443304329195	1.0248151232721887	15.659839704193665	0.9369896466638883	7.602351301220467	0.9251385028606786	5.363958322117537	38.220734480507026	10.597815462503299	1	Disease_B
Sample_080	3.115863731034519	7.162051849376924	7.5233902843028355	11.85358490955912	1.8835186252122045	13.3640367424016	0.4944092657538451	3.935805048632337	4.534551392695279	13.920002382616513	7.558183266713158	1.8120103982333766	2.7593823658103926	9.013108426800041	6.827323059230597	4.140745691610363	4.56841451060321	14.822821660039255	4.4030937864714526	6.76599110685941	64.71134850647633	1.7794731958566805	1.1596952654704233	16.17698680687001	3.7485044185279257	5.375020953100477	3.3832731276188044	5.698482203149769	36.544771015740274	16.479685797569637	17.500396046237835	1.7927897823290506	2.3369490723947997	0.43210845911386714	3.2891171290008323	19.23445469896886	12.390704021130782	5.920889772719088	7.226101768495887	3.710306387438167	9.06806483422373	15.892992351748804	1.4683116636382763	9.970669047967705	18.773285419586074	4.878802063975237	14.890160298036117	123.30419650088005	6.6569219431020965	10.949645157233403	0	Disease_A
Sample_081	3.532277744784125	8.857381353205342	11.707991291038633	8.978585383878833	2.6652681729163503	9.082611590208096	31.886921414524195	11.572548264267754	19.336358602413114	5.829831105160069	15.641071444053217	9.769524917572333	2.8550497551032334	10.16063565639312	2.7409466037543124	3.9240321118404387	8.929213412412231	9.946734172064462	2.249633996861459	21.19967330002139	13.092064434551428	3.6519875892702394	1.5879044699462366	6.392308181438803	4.730620066232921	8.27418524877397	5.139127607241969	0.9925708726635385	5.011088022602292	5.443274930040823	13.924655206796638	3.6759085455495506	39.59388445470991	1.0923807069999287	27.417116216644594	5.90430076818804	17.454279678197654	8.002880057327424	23.093600303957	5.016026244365368	2.462998659349532	30.584834675570146	6.596369052701706	9.221691435564018	25.400069596611075	2.6327916784131196	13.403165328939936	4.096386499590353	6.474236233135011	7.942904110564355	0	Normal
Sample_082	1.6483555235875085	3.3911291793367573	28.533330421037512	17.92490682786872	6.9404070301247875	9.422716836398061	5.505554514585937	28.690997162226296	6.047514869029454	9.31701307797052	23.243607410509902	3.396102719363608	35.120646766392156	1.5992561105996137	37.69932278812053	5.090237125644937	5.796772239284268	1.1162667166481424	4.68893408491547	2.612201804539291	4.024310752638544	6.441033664917225	19.255401417136373	9.093895383205814	10.05104544427713	2.4706483625520055	3.0625438998018155	44.644227620596624	3.542380522891824	38.71426946330598	5.794671573784367	7.405981141771337	21.549770357531298	26.36117864269239	6.613992229621479	5.01160862541806	6.987197538609899	10.36005481905713	18.016782540377825	7.420376959041299	13.72043459783575	38.02940712950063	10.819062366947346	10.091089997210723	1.6178355488085945	0.532203078045869	10.895781862335118	6.720588793109885	4.415924999780708	9.426550265265876	1	Disease_A
Sample_083	6.955942086748783	22.823261352511487	8.05353292849637	3.5010982848030863	19.888988541516415	5.9468931591163265	12.510104573947606	4.584079369872703	3.858093364803114	8.037903015352628	7.484458297758525	11.939199180041221	5.648297920085191	1.1777904889515574	4.793333586358165	16.34330718645253	5.488329456357791	5.7754524374450975	19.813757227581227	3.6256253100014124	1.5796396979425522	6.2925656465162545	4.55318072307755	2.811599898577528	6.200447978895136	12.079449825789597	7.320740165978247	10.044056561849454	45.30456040053234	5.244191789912012	9.760548861416217	4.440587277483975	3.1697105675634836	4.116866626982203	4.577904810397297	10.585401104584216	77.4068893791267	3.6108982486131485	4.871367479958491	6.937052599901938	10.976963490608853	9.61717739897661	26.684844804819846	0.6528603246386023	0.6791387211222328	4.50019994490296	22.138101803604236	1.5439621983893232	0.3650823480705738	13.08124344638743	1	Normal
Sample_084	9.427747697168606	2.483804837624415	2.7578748445459578	2.8017837848688334	8.252657894354307	3.949878124250905	12.110391903022617	0.42544199471544314	3.136627364300843	2.3963483050844467	5.7182300267718995	4.314374012156042	16.40922669358697	1.1510369460817822	7.732958170026035	12.91431548005537	47.30648721715215	4.564157903013621	10.221144904201164	1.2166938333254305	0.6757337075345203	17.197678018498046	7.3480847890542105	24.011015153821894	1.8712321376539909	12.427380454761456	47.88574402233254	11.242549115155656	9.743315942823985	7.452548696688974	1.5359030939732834	28.662020982726084	4.011408233908877	12.237233819236598	1.548002969471203	2.2717270006897508	31.034124805373267	5.221045718480514	31.60374025354516	6.833037753405328	1.1712859256833794	18.030551050593104	4.096396489490124	14.860234406868408	7.577708668963308	1.5791421744817138	8.708458244417681	66.43494127876247	12.09735046165955	6.976045765415819	0	Normal
Sample_085	21.657317800003327	9.121811969363831	9.111471556846338	2.4802883605699164	9.33572114536329	20.810203439791685	3.20251951324814	30.707159050865076	6.741577687895095	3.041134049523525	20.038032182720475	5.546714465476614	15.79218010554939	5.519246612554628	6.959960899691256	12.104293257427543	9.88380004340126	1.0044782169258406	2.4079030377135826	18.716584168919038	6.474448376244249	4.376584813182577	1.8991871612030928	2.5099521236635605	0.9784372333752939	6.67733717312755	4.061540842284149	2.81063970093339	6.902451061516646	10.633087809630803	59.93124162701107	1.629244776969204	23.55601126491056	19.55246882398286	3.390262190131549	9.05426533653918	4.675643267786033	8.89677258807833	33.41921431296635	13.539430860054816	12.28781809997036	4.805161631497438	1.6752180486040773	5.998634076891652	24.695181777386438	1.6045320290960952	2.5725834612215057	8.383518844773928	2.7603161358733863	3.34503297953645	0	Disease_A
Sample_086	4.837516253620581	1.8858574456627262	2.7895440339445257	14.930825730009998	1.9989663416226617	1.4950024797025128	3.9352523934721635	15.36289985448041	6.068298131299705	4.643270290113852	7.724204170799102	1.2895490287550502	12.118166057148345	10.842081863540184	4.90714117051513	20.20488712035443	2.392894930751596	22.82619986811947	8.623522687129748	5.277473134329185	7.243658269539315	6.637498988584471	25.035201548478774	2.517637275259652	3.446918904483425	20.82809699146945	4.073347181634404	18.18383617710602	40.42449782539753	4.944149572614808	14.604976496712368	2.331024146036861	15.716848629887265	9.019816462115688	11.858421403751855	3.874543804347855	1.4034262727314355	12.222176710336276	0.9385650125935384	5.379790902744151	18.9382155319278	8.95218588898724	51.84936277334097	20.59625272266521	3.8424170614694457	7.593657655326485	7.0471924076476045	1.518652208629484	2.8852197979302465	4.217485481627722	0	Normal
Sample_087	0.9644276109928684	7.748454996892205	5.759946320731687	1.3869486228039787	11.069713496131213	15.117798294283094	9.27232798265681	5.343772289298501	13.349009024971737	14.58830762813494	10.04830104252775	3.2393987758150327	9.743503600117991	24.421909282565036	4.068892874278498	60.21607475220084	4.3682788077322625	7.632435640842655	3.771656911551124	9.237495839855313	1.294051905045087	4.280022220061053	2.479058372704619	8.459908414855125	19.9743185416594	14.097622795615212	0.6895891035604746	56.94407540301944	9.927214653973587	3.3990665829596156	8.646269177907701	8.812664393118762	3.7929773192237826	9.00623096599864	4.025011276090189	4.9314743853528356	3.7199895689853055	1.7635498011784854	8.549189389559118	13.267261197715703	12.365169341108077	16.77559669362944	10.219934850153402	4.337397447574995	17.11001328638361	1.9011946660014236	3.0021497563325137	2.8173590204618995	21.759622187698085	18.968667028598478	0	Disease_B
Sample_088	12.028817594024673	21.583515784501763	3.0670531591029255	10.47084909885362	6.519681803587091	17.233964275115547	6.584877732518215	5.028175082341964	12.69119592178132	17.746160225419246	3.7873054574747766	6.95126966600374	2.5639764813048695	0.6077078529615508	9.029162632610715	13.584172880397835	9.602916064681656	1.0517319508176952	5.202558739875139	0.8038458475805346	29.069837007391385	2.4941435852695357	25.930078047066207	19.02720207972176	3.002393030312583	2.3802726709147493	10.489452373125442	3.1761696646478117	8.186485150200188	4.559315074084681	1.2446340930248156	0.7941618325868386	9.269081100405552	4.214126161831533	4.249962600800108	14.818313864853714	23.889577516126778	5.626318263779556	5.256163001115024	12.184236585373087	1.90230142655141	9.236407900834367	12.831280410573898	14.588451293634254	1.0652902502725583	3.4509333482891464	3.0701817050998104	8.165246815242442	11.95015895267319	33.00669459628654	0	Normal
Sample_089	4.504309114697561	4.492581593594277	23.328412047327706	9.940098584035384	26.249619959197542	9.862384775486328	2.323055584243909	1.948133325685957	1.5659422992443175	14.32565283603408	24.254370382082318	46.96309785926808	17.168998287017452	23.637597943375734	4.137052870647787	2.324684156759166	17.289153376498092	11.219807602714829	8.227188780175657	10.884845281127017	10.20814042074152	26.67740252979623	26.977025188340843	12.733296730094086	17.21537487400414	12.355021163937947	4.659137140292392	15.745658475339336	1.8321770986357533	21.197675984492342	2.237763792336428	9.83358223896799	3.173534787492967	12.85058046988191	7.142585131602715	1.4996684372427764	11.253730019861608	4.145731385853209	17.83471289452576	7.398858183179681	10.972816482272533	2.836103335271643	4.098691467791954	4.670944800218216	17.404042037396028	39.54254131995626	3.3029904274193718	21.689931021981568	0.8439370118119819	2.2385102975911457	1	Disease_A
Sample_090	2.832675138586836	1.9107413546753067	1.5165099514056204	11.167401032865989	5.965138668310062	10.798480152480845	14.73864102522129	9.637068772801095	14.264346556498996	6.892733313984204	2.2546767435296102	21.28098989089454	4.099593683519937	2.8991097329898188	6.184722413231189	2.96592536744465	4.86744723535135	10.423406700952311	10.468196324765875	3.0106919425090064	4.537129879697081	21.635446358310034	12.13871725949887	58.85430830974113	24.04983591197344	23.203266555337645	1.8443583690304612	15.860953776545381	7.006884728193426	4.258931028271033	8.740919066880329	19.01468422491443	12.192629026620809	3.069535350936833	15.525113112039087	3.905604051153961	9.176841836937205	5.4556399812507745	5.93658319552901	15.898789512528074	2.611190585064987	51.686419819707744	1.195917807936118	4.064669015750511	10.699659194098144	13.254195799730217	6.682714581175469	6.976932128362683	11.140087458572564	5.864577972346952	0	Disease_B
Sample_091	29.760477591419807	17.10462875372261	17.686901741081464	2.811851819043838	6.825131276883863	5.471397407070004	2.7030982748013312	10.59269045938727	4.316108742231523	14.230731693371668	2.534023706204719	41.224824563104924	3.0152035532257866	9.200909493890485	16.311319430512544	4.176023883529136	17.330511930656304	2.16153021165666	31.567171347791977	7.494348963194007	4.069778567810663	5.478428159307687	16.591977068304693	4.118729360504844	3.492585561808698	5.920751612549377	2.2774078475596626	45.62901955883769	4.19379230276848	16.97288017106013	9.110887105533587	2.760649421009143	7.345187161515239	16.18367113548416	6.121080693948875	24.364153807415587	20.522367579849288	18.52117838064138	4.666191562492339	2.5096857653494444	4.000472161934178	8.991151622482237	12.753257300588844	0.8423401187781819	7.329349729495042	8.65458488755049	5.598259487819382	26.877078930670674	11.26589560723054	27.390381403089364	1	Disease_B
Sample_092	5.9538583980363775	18.86819107880561	37.9043694562993	27.431540082017005	2.4790078175839776	5.73348714528608	5.232218076372964	12.05228821266342	14.678055496032727	3.193467528512602	7.907712222112899	0.9802699048189913	31.247676012027743	4.4265732824399375	7.813585425253683	5.421379405938938	23.24354769476888	0.43278836218718686	7.267335060313809	6.647103809953293	4.694368563782405	41.52213031207178	3.0424726032161504	15.987324303627489	10.551339183659964	26.089143045937764	3.7916865314635655	3.550296428105968	22.110882485374873	11.305861503218976	1.5762721386280936	4.308953148079864	10.874087374293016	17.077541223815036	3.7463024746843248	0.4008147254198318	12.468720968381035	2.1807728014411327	0.982810653818788	0.43503624697563154	16.6761717666728	8.403240879303453	5.896409576331926	29.637023183028187	13.97576395002727	37.19967567108658	1.835403829438035	7.138119569482899	1.4670984769874447	5.874480720621952	1	Normal
Sample_093	5.7625734026770745	13.826867743394594	7.733518093672275	13.782602911530596	14.931008131340713	63.74741775301808	5.39085147053139	2.8834206046711186	9.450650879925693	3.3125555893445697	32.52343051270373	5.566586119253683	4.197225165749577	4.612104584936628	15.156317223178263	6.31074046020116	3.8897044577381936	39.0698831244793	3.1387673505827247	7.656585092975283	14.18671767130006	1.4458030188319135	11.94437553922663	2.5725363645857557	16.823601989810946	2.821726659222272	14.772524930257015	22.327811777108472	17.486628893097578	9.500236074433438	5.863220682127359	4.151959633628338	32.17001124554562	3.6711493221279703	2.619370250377547	14.373251363887242	3.332967994980842	2.857469670218892	1.7443739752179908	4.5589400919796	6.802464521165642	9.422417850306424	19.13092707847259	12.514624540389581	6.105120104139143	6.060572839719677	12.306867857065805	26.379050749646577	8.383908379348062	4.62219243606458	1	Disease_A
Sample_094	2.7377433848941566	1.7415834629762104	14.386203715810355	13.170487402855942	13.162390062607063	6.497000141306829	30.172615632762486	4.553433234292324	19.20689323404795	7.108257276711916	4.02147694866188	13.36354272947323	11.129910441663812	10.55893857258955	8.014708547796596	7.114300535548608	80.50924261045135	24.14933021139513	15.223296134504825	8.26309453326286	20.229808815609623	12.403699518640478	7.58524378561691	5.45447119310746	6.81470421626075	0.31023483504639987	9.12119511942764	4.533634428363331	36.33095011639195	7.533381947609093	2.25023933228757	7.029529990259229	2.595758884582357	11.862799552979892	9.884297277760966	19.256326018922927	3.350528881013472	7.644665590910349	1.8869810134542973	14.901990310621102	12.414574936050926	12.131495697815085	7.401028902009504	11.187229346187655	36.75738317892978	5.556151781247254	8.487930249284231	2.49396471903005	3.1010446493981227	8.148332402229922	0	Normal
Sample_095	22.28543991700304	5.718572296646398	5.8362208385777805	4.919046719321699	4.328596385868906	9.924152730337095	1.6532488547093442	26.600754410081194	3.798391554028935	15.209245285854083	2.0750835181969323	14.423230422893106	14.468076589810897	10.850401370834506	2.733468944465483	9.483450146849416	2.2635713633308647	5.7387231904734834	20.68508896724408	16.39050046506355	7.5020997088499	2.787634604073249	14.091724527981302	7.533661945162461	0.7259199018817992	16.161466961872296	7.21215044958122	24.592739275818275	2.471263309334537	0.30829325782835293	9.767727686967135	9.890390969785983	1.3625097076267472	2.7773589388060147	116.18894982435098	5.443321181279051	15.347597948927788	3.8548811352834966	0.9136543984846617	6.23227698512456	5.6655016309583734	4.953635548936587	6.588720451540826	9.624079811905581	6.359075777226505	2.0875556416131706	12.015347507343026	1.0519317593542825	0.9508894613787476	15.474298629020346	0	Normal
Sample_096	12.268319289691838	6.9768996014751385	1.8304310677189757	3.6403835949561003	5.681715730295907	1.4979627696662838	3.5288475409072912	14.18706080343929	30.793553443476856	4.857700837838996	15.744456803140435	1.0897408649649922	14.288446035164542	3.30703357042975	10.04771873009323	5.7675511619575595	27.671804585148198	3.0819556650158555	13.84059994063557	5.587279727009582	6.307216928636275	6.14811854174179	3.171887686966398	7.285609010994892	6.940347031991001	9.404988579080317	8.040611565774299	16.411700894555654	18.606455977266066	2.5840984322535046	17.61538205231231	2.2561584653229536	13.301221699810842	13.732136072537314	1.0927343230578568	8.109038035896921	4.625127261749081	3.4598828913445727	28.52703775475605	3.843259594885487	3.2990121358408553	7.970083264642608	14.66684854983565	6.4131554133909665	23.721232796957235	12.56576009200876	0.8367655797265601	4.351554060088857	4.212928032680126	11.933635831545088	0	Disease_A
Sample_097	0.5353593601432317	94.53874105254036	12.566393836090032	8.575221331029631	24.084481608154604	76.9883454659285	17.65019170138162	19.0832902566763	8.420675279166492	6.413943206603879	4.591489843262715	3.234544156995318	3.7172565152495123	1.9144761526039202	6.849177344132464	1.3707148920762886	8.943406207257615	7.125425131528757	8.558588642838583	4.383591782392379	160.27007647685855	28.792527745024582	2.128585128142048	9.326577195055055	4.022863075884468	2.679205440910761	1.9346528967686845	11.38408913674683	3.7382581398561285	19.449590658844084	19.961036822124466	29.192574681625224	3.150664030408385	11.886051986476966	13.907860955418954	4.598921524889143	3.4151726311938098	36.94833796658686	9.276607192870511	13.956812645074779	3.2476250915933664	2.1830337405122733	4.18099905147111	6.5272035996052535	2.5492010419210884	7.316669157966821	1.3654647022810575	2.4107853783093995	14.453133586952745	13.514869453156772	1	Disease_A
Sample_098	4.993430929946671	2.6704198064238787	2.6448026458311196	5.087221229375661	14.07666541901725	18.694805253614895	4.497259739513164	2.3314900602514292	9.658551008625391	3.2428903950970294	4.400628453821048	27.80667473995389	16.896650864060128	8.653590419756258	2.071102344046022	9.128455999816174	21.384306048948297	5.075202036252497	28.534505949231182	26.91665633291755	39.00667682601257	10.026615692404285	13.295048860690919	30.39223926031348	11.558186075743864	4.476161594395149	4.71834056926346	9.379767292174249	2.032849651807282	6.402836431686067	22.121436554309312	0.8259229000469259	34.27725798613695	22.700210979679156	4.665688370927832	12.722738528639985	7.412351474130695	25.27941348956926	19.740712799882402	1.8219899389059253	13.293330103567497	6.015696558863524	8.027174279048149	3.567368107187437	42.441941902543135	20.906535635140482	3.5262283231251903	1.9452478399467052	5.024507147433085	11.410142422988516	0	Normal
Sample_099	9.395265046842676	25.871263225954316	16.27971284948558	19.48352089060169	10.2456722878882	1.8417224903691995	6.075725882094102	21.329471180939336	7.017991538503073	12.220200591483575	5.3722761606290375	2.638440839146538	6.531626124544181	10.06483276075458	3.835547852461915	5.837419046977117	2.887920687897247	22.629286213956256	5.504380569518679	31.58731276286489	34.08126604711514	6.81382771727103	2.6954125366033628	0.9176879428078583	1.6954749820472335	1.8704240597938995	29.325857267966807	8.296424071660871	10.90917877244451	0.8021810014905857	2.2300713283836098	17.94084176124001	9.843133567812881	6.377618305511653	12.998609089215877	37.93210329331357	5.923677980452582	7.919830488721386	8.95844729258281	80.81072042667545	0.9054200815974583	14.632177102413754	6.58765703056923	13.023712393193746	3.8290910298522878	7.035965821068268	15.050490461464287	166.15319114795875	16.577331492909433	3.1643080369245333	1	Disease_B
