,D1,D2,D3,D4,A5,A6,A7,A8,A9,A10,+11,R12,R13,R14,H15,H16,H17,H18,H19,H20,H21,H22,H23,H24,H25,H26,H27,H28,L29,L30
D1,0.0,2.7948259828738755,7.661151223033342,7.701109292165042,7.068463521453826,5.045148632558537,2.7948259828738755,7.3607314880799075,5.698767019106104,7.782802696600105,0.0,5.701734955750966,9.403651272713672,9.227506944260544,7.33042952570191,5.2782084404483145,8.499365143171248,9.519441822570302,10.42032716500052,10.416292892559605,9.510951438344662,8.172676645223792,9.500165588743625,10.509794806758233,10.362418098077013,9.174560425373489,7.974998903190351,6.775706001243278,9.403651272713672,9.227506944260544
D2,2.7948259828738755,0.0,10.163187959184636,9.918812611840297,9.678995304586781,7.677049305944555,0.0,9.556588000408924,7.640984717085422,9.4316435443879,2.7948259828738755,8.341199079680022,12.017127869693464,10.86001376895983,9.853641310262507,7.8703322348641125,11.002684980366631,12.043808828742694,13.043144524514624,13.100642256357322,12.168879407278833,9.909626138491534,11.302901514475295,12.222281312585164,11.89967673584416,10.597050643353686,9.495910584505657,8.11463190865824,12.017127869693464,10.86001376895983
D3,7.661151223033342,10.163187959184636,0.0,4.2193742018972005,2.379510719125809,4.136791722734806,10.163187959184636,2.6604040674981344,5.313544975203133,5.656327533648733,7.661151223033342,2.7723326300486244,2.8582683033946976,8.05294363048315,4.803157754621888,2.425761608656427,2.483840657949403,3.7692994153713997,4.264047517093591,3.757874064819437,2.4736871602652823,6.827626744163407,7.179259123579291,8.46207801375607,9.321546846201485,9.061767356413613,7.880398224813598,8.054152655911569,2.8582683033946976,8.05294363048315
D4,7.701109292165042,9.918812611840297,4.2193742018972005,0.0,5.99632812816154,6.576332476927664,9.918812611840297,2.318111818391459,2.4920040587467995,2.5609797807805363,7.701109292165042,5.571877657197826,3.728982861362074,3.8454358897011143,8.129431481898887,4.419924240435674,2.4602995202555427,2.868064821023737,4.241389779289685,5.058883860816495,4.853601788145787,2.683830556958571,3.002076018494458,4.303094212756207,5.12162753106271,4.946081712116073,3.8820856616912,4.514310625493816,3.728982861362074,3.8454358897011143
A5,7.068463521453826,9.678995304586781,2.379510719125809,5.99632812816154,0.0,2.378207869512091,9.678995304586781,4.737577303337264,6.5251830769775,7.5412797315545115,7.068463521453826,1.379275553067259,4.370316489886232,9.635576577022773,2.424702757784181,2.375397973120012,4.402555569614986,5.463264818331317,5.6145277824043935,4.77522641341625,3.5175708041832623,8.432317107584993,8.977946687589847,10.203376028276457,10.879509637415984,10.445643675438417,9.249193409675863,9.142223379882356,4.370316489886232,9.635576577022773
A6,5.045148632558537,7.677049305944555,4.136791722734806,6.576332476927664,2.378207869512091,0.0,7.677049305944555,5.6463699175614686,6.228128232617481,7.8776872768488335,5.045148632558537,1.3646269525157135,6.04056518028329,9.720817006204427,2.4284302780404152,2.3571511396042784,5.7644875307653916,6.819507981396537,7.187581876274873,6.611674243146331,5.528184041112751,8.526979661636341,9.381063444516114,10.561611890561704,10.957777440243147,10.250363171142762,9.018571636269,8.542618339183452,6.04056518028329,9.720817006204427
A7,2.7948259828738755,0.0,10.163187959184636,9.918812611840297,9.678995304586781,7.677049305944555,0.0,9.556588000408924,7.640984717085422,9.4316435443879,2.7948259828738755,8.341199079680022,12.017127869693464,10.86001376895983,9.853641310262507,7.8703322348641125,11.002684980366631,12.043808828742694,13.043144524514624,13.100642256357322,12.168879407278833,9.909626138491534,11.302901514475295,12.222281312585164,11.89967673584416,10.597050643353686,9.495910584505657,8.11463190865824,12.017127869693464,10.86001376895983
A8,7.3607314880799075,9.556588000408924,2.6604040674981344,2.318111818391459,4.737577303337264,5.6463699175614686,9.556588000408924,0.0,3.3797440806984373,3.0242010497158205,7.3607314880799075,4.456468877998474,3.670304506957655,5.922427766410835,7.067776423534168,3.3013312226228164,2.359646907231938,3.5850797806315384,4.76431673256552,5.026527145258295,4.253306392639628,4.615102246130896,5.019949002455032,6.394338921893861,7.260061657129058,6.990663831148844,5.767109015273271,6.0632341999206,3.670304506957655,5.922427766410835
A9,5.698767019106104,7.640984717085422,5.313544975203133,2.4920040587467995,6.5251830769775,6.228128232617481,7.640984717085422,3.3797440806984373,0.0,2.5422324827355127,5.698767019106104,5.607389677149779,5.784708982590698,3.9408789279945133,8.320969255706087,4.315759018927983,4.5012286925794935,5.183619150798233,6.474817739695661,7.105116795505623,6.641620934009144,2.646035475875322,3.8762664544098775,5.048687105440712,5.286573180106195,4.471095831930403,3.082460886505263,2.8318128867062264,5.784708982590698,3.9408789279945133
A10,7.782802696600105,9.4316435443879,5.656327533648733,2.5609797807805363,7.5412797315545115,7.8776872768488335,9.4316435443879,3.0242010497158205,2.5422324827355127,0.0,7.782802696600105,6.945884579750754,5.950695657788389,3.8382996243748457,9.709917978526484,5.611740342664304,4.579863249689064,5.185631408923848,6.57427051218592,7.325468723842425,6.924650614942794,2.5955915613116427,3.174415691069601,4.479503864926265,5.161220886995601,4.8242780889794945,3.6574012704169307,4.122497595975409,5.950695657788389,3.8382996243748457
+11,0.0,2.7948259828738755,7.661151223033342,7.701109292165042,7.068463521453826,5.045148632558537,2.7948259828738755,7.3607314880799075,5.698767019106104,7.782802696600105,0.0,5.701734955750966,9.403651272713672,9.227506944260544,7.33042952570191,5.2782084404483145,8.499365143171248,9.519441822570302,10.42032716500052,10.416292892559605,9.510951438344662,8.172676645223792,9.500165588743625,10.509794806758233,10.362418098077013,9.174560425373489,7.974998903190351,6.775706001243278,9.403651272713672,9.227506944260544
R12,5.701734955750966,8.341199079680022,2.7723326300486244,5.571877657197826,1.379275553067259,1.3646269525157135,8.341199079680022,4.456468877998474,5.607389677149779,6.945884579750754,5.701734955750966,0.0,4.840953649437876,8.993437091374313,2.799483430806693,1.3615004298055848,4.532732018377164,5.66827396343027,6.077871529192032,5.50324441481363,4.335513976634727,7.762476180639182,8.494246130127987,9.724250620065577,10.261895724292957,9.677556059981502,8.434080317353802,8.150003154207182,4.840953649437876,8.993437091374313
R13,9.403651272713672,12.017127869693464,2.8582683033946976,3.728982861362074,4.370316489886232,6.04056518028329,12.017127869693464,3.670304506957655,5.784708982590698,5.950695657788389,9.403651272713672,4.840953649437876,0.0,7.133136354895116,6.432197823535077,4.49807530313224,1.4013630022965735,1.397815658049927,1.4063285490447004,1.39514071862763,1.3952499322743486,6.258703798292811,6.136302640418473,7.154851391277505,8.147401213811422,8.24693212433857,7.392796042700383,8.000591384040149,0.0,7.133136354895116
R14,9.227506944260544,10.86001376895983,8.05294363048315,3.8454358897011143,9.635576577022773,9.720817006204427,10.86001376895983,5.922427766410835,3.9408789279945133,3.8382996243748457,9.227506944260544,8.993437091374313,7.133136354895116,0.0,11.533812722729488,7.804629875136929,6.120326909082552,5.891911948965169,7.069840208693766,8.248175130008152,8.42722579766097,1.3983880573157825,1.393030313922297,1.4068188636677132,1.3964350566798163,1.3863437363061786,1.4233776008732613,2.923094402993187,7.133136354895116,0.0
H15,7.33042952570191,9.853641310262507,4.803157754621888,8.129431481898887,2.424702757784181,2.4284302780404152,9.853641310262507,7.067776423534168,8.320969255706087,9.709917978526484,7.33042952570191,2.799483430806693,6.432197823535077,11.533812722729488,0.0,4.160706711138281,6.650459180388318,7.544314758023114,7.483643344119034,6.522152404901179,5.466459097789926,10.384499723014768,11.035972363305595,12.193409935873422,12.726658982519227,12.180316729137495,11.014010633745048,10.711357207840546,6.432197823535077,11.533812722729488
H16,5.2782084404483145,7.8703322348641125,2.425761608656427,4.419924240435674,2.375397973120012,2.3571511396042784,7.8703322348641125,3.3013312226228164,4.315759018927983,5.611740342664304,5.2782084404483145,1.3615004298055848,4.49807530313224,7.804629875136929,4.160706711138281,0.0,3.8190427488890455,5.0549183946258065,5.754214536828074,5.460098960601744,4.355548233695664,6.52544386359893,7.310651554506218,8.579137891673746,9.114066344356162,8.508651138331473,7.221816268660909,6.95543777657201,4.49807530313224,7.804629875136929
H17,8.499365143171248,11.002684980366631,2.483840657949403,2.4602995202555427,4.402555569614986,5.7644875307653916,11.002684980366631,2.359646907231938,4.5012286925794935,4.579863249689064,8.499365143171248,4.532732018377164,1.4013630022965735,6.120326909082552,6.650459180388318,3.8190427488890455,0.0,1.4084293937247145,2.431398109352429,2.79647566616657,2.4247705713996264,5.102231826119086,5.127901969475192,6.291547275425113,7.259491542185049,7.2475825413202335,6.275680752868427,6.836404038845849,1.4013630022965735,6.120326909082552
H18,9.519441822570302,12.043808828742694,3.7692994153713997,2.868064821023737,5.463264818331317,6.819507981396537,12.043808828742694,3.5850797806315384,5.183619150798233,5.185631408923848,9.519441822570302,5.66827396343027,1.397815658049927,5.891911948965169,7.544314758023114,5.0549183946258065,1.4084293937247145,0.0,1.3930281493805134,2.407578983476499,2.7930111809014697,5.14730657057472,4.862338441135931,5.807032981178492,6.836702291463441,7.047480460216321,6.308303486810292,7.094249584924919,1.397815658049927,5.891911948965169
H19,10.42032716500052,13.043144524514624,4.264047517093591,4.241389779289685,5.6145277824043935,7.187581876274873,13.043144524514624,4.76431673256552,6.474817739695661,6.57427051218592,10.42032716500052,6.077871529192032,1.4063285490447004,7.069840208693766,7.483643344119034,5.754214536828074,2.431398109352429,1.3930281493805134,0.0,1.390509114852945,2.423531629022333,6.441359312329539,6.073227366501629,6.870224420814737,7.890017325374178,8.182804698075177,7.542091146096257,8.33016986644715,1.4063285490447004,7.069840208693766
H20,10.416292892559605,13.100642256357322,3.757874064819437,5.058883860816495,4.77522641341625,6.611674243146331,13.100642256357322,5.026527145258295,7.105116795505623,7.325468723842425,10.416292892559605,5.50324441481363,1.39514071862763,8.248175130008152,6.522152404901179,5.460098960601744,2.79647566616657,2.407578983476499,1.390509114852945,0.0,1.400725873633242,7.488216506547234,7.264190884015145,8.155980581580643,9.15160460690082,9.33786951868246,8.5824212477701,9.220822330712505,1.39514071862763,8.248175130008152
H21,9.510951438344662,12.168879407278833,2.4736871602652823,4.853601788145787,3.5175708041832623,5.528184041112751,12.168879407278833,4.253306392639628,6.641620934009144,6.924650614942794,9.510951438344662,4.335513976634727,1.3952499322743486,8.42722579766097,5.466459097789926,4.355548233695664,2.4247705713996264,2.7930111809014697,2.423531629022333,1.400725873633242,0.0,7.472604350307445,7.457281969785271,8.51966692057924,9.48508113546824,9.505283046959509,8.574916260554522,9.041986816487867,1.3952499322743486,8.42722579766097
H22,8.172676645223792,9.909626138491534,6.827626744163407,2.683830556958571,8.432317107584993,8.526979661636341,9.909626138491534,4.615102246130896,2.646035475875322,2.5955915613116427,8.172676645223792,7.762476180639182,6.258703798292811,1.3983880573157825,10.384499723014768,6.52544386359893,5.102231826119086,5.14730657057472,6.441359312329539,7.488216506547234,7.472604350307445,0.0,1.410192096038202,2.4336458423191023,2.7948045784656075,2.409756067398854,1.4060404440219707,2.570294271639981,6.258703798292811,1.3983880573157825
H23,9.500165588743625,11.302901514475295,7.179259123579291,3.002076018494458,8.977946687589847,9.381063444516114,11.302901514475295,5.019949002455032,3.8762664544098775,3.174415691069601,9.500165588743625,8.494246130127987,6.136302640418473,1.393030313922297,11.035972363305595,7.310651554506218,5.127901969475192,4.862338441135931,6.073227366501629,7.264190884015145,7.457281969785271,1.410192096038202,0.0,1.3928962972630792,2.405567985575928,2.7793369631731095,2.4446008159209534,3.8509627689819683,6.136302640418473,1.393030313922297
H24,10.509794806758233,12.222281312585164,8.46207801375607,4.303094212756207,10.203376028276457,10.561611890561704,12.222281312585164,6.394338921893861,5.048687105440712,4.479503864926265,10.509794806758233,9.724250620065577,7.154851391277505,1.4068188636677132,12.193409935873422,8.579137891673746,6.291547275425113,5.807032981178492,6.870224420814737,8.155980581580643,8.51966692057924,2.4336458423191023,1.3928962972630792,0.0,1.3911274388327803,2.416600678860046,2.8301934324406157,4.329384400856571,7.154851391277505,1.4068188636677132
H25,10.362418098077013,11.89967673584416,9.321546846201485,5.12162753106271,10.879509637415984,10.957777440243147,11.89967673584416,7.260061657129058,5.286573180106195,5.161220886995601,10.362418098077013,10.261895724292957,8.147401213811422,1.3964350566798163,12.726658982519227,9.114066344356162,7.259491542185049,6.836702291463441,7.890017325374178,9.15160460690082,9.48508113546824,2.7948045784656075,2.405567985575928,1.3911274388327803,0.0,1.3977655102468491,2.446764560456434,3.7948577290262375,8.147401213811422,1.3964350566798163
H26,9.174560425373489,10.597050643353686,9.061767356413613,4.946081712116073,10.445643675438417,10.250363171142762,10.597050643353686,6.990663831148844,4.471095831930403,4.8242780889794945,9.174560425373489,9.677556059981502,8.24693212433857,1.3863437363061786,12.180316729137495,8.508651138331473,7.2475825413202335,7.047480460216321,8.182804698075177,9.33786951868246,9.505283046959509,2.409756067398854,2.7793369631731095,2.416600678860046,1.3977655102468491,0.0,1.406944830529082,2.49116051617424,8.24693212433857,1.3863437363061786
H27,7.974998903190351,9.495910584505657,7.880398224813598,3.8820856616912,9.249193409675863,9.018571636269,9.495910584505657,5.767109015273271,3.082460886505263,3.6574012704169307,7.974998903190351,8.434080317353802,7.392796042700383,1.4233776008732613,11.014010633745048,7.221816268660909,6.275680752868427,6.308303486810292,7.542091146096257,8.5824212477701,8.574916260554522,1.4060404440219707,2.4446008159209534,2.8301934324406157,2.446764560456434,1.406944830529082,0.0,1.5011025273387426,7.392796042700383,1.4233776008732613
H28,6.775706001243278,8.11463190865824,8.054152655911569,4.514310625493816,9.142223379882356,8.542618339183452,8.11463190865824,6.0632341999206,2.8318128867062264,4.122497595975409,6.775706001243278,8.150003154207182,8.000591384040149,2.923094402993187,10.711357207840546,6.95543777657201,6.836404038845849,7.094249584924919,8.33016986644715,9.220822330712505,9.041986816487867,2.570294271639981,3.8509627689819683,4.329384400856571,3.7948577290262375,2.49116051617424,1.5011025273387426,0.0,8.000591384040149,2.923094402993187
L29,9.403651272713672,12.017127869693464,2.8582683033946976,3.728982861362074,4.370316489886232,6.04056518028329,12.017127869693464,3.670304506957655,5.784708982590698,5.950695657788389,9.403651272713672,4.840953649437876,0.0,7.133136354895116,6.432197823535077,4.49807530313224,1.4013630022965735,1.397815658049927,1.4063285490447004,1.39514071862763,1.3952499322743486,6.258703798292811,6.136302640418473,7.154851391277505,8.147401213811422,8.24693212433857,7.392796042700383,8.000591384040149,0.0,7.133136354895116
L30,9.227506944260544,10.86001376895983,8.05294363048315,3.8454358897011143,9.635576577022773,9.720817006204427,10.86001376895983,5.922427766410835,3.9408789279945133,3.8382996243748457,9.227506944260544,8.993437091374313,7.133136354895116,0.0,11.533812722729488,7.804629875136929,6.120326909082552,5.891911948965169,7.069840208693766,8.248175130008152,8.42722579766097,1.3983880573157825,1.393030313922297,1.4068188636677132,1.3964350566798163,1.3863437363061786,1.4233776008732613,2.923094402993187,7.133136354895116,0.0
