Compound_Name,SMILES,Molecular_Weight,AlogP98,PSA_2D,HBD,HBA,Rotatable_Bonds,Aromatic_Rings,Absorption_Level,Absorption_Description,Absorption_T2_2D,Solubility_Level,Solubility_Description,LogSw,BBB_Level,LogBB,CYP2D6_Score,CYP2D6_Inhibitor,Hepatotoxic_Score,Hepatotoxic,PPB_Score,High_PPB,Lipinski_Violations,Lipinski_Compliant
ZINC001237078403,O=C1C([H])([H])C([H])([H])[N+]([H])(C([H])([H])C1([H])[H])C([H])([H])c2c(c([H])c([H])c(c2Cl)Cl)O[H],275.16,1.45,41.74,2,2,2,1,1,Moderate,6.5584,3,Good,-2.991,Medium,-0.286,0.2733,Yes,-5.0,No,-2.7082,No,0,True
ZINC001237078403,O=C1C([H])([H])C([H])([H])N(C([H])([H])C1([H])[H])C([H])([H])c2c(c([H])c([H])c(c2Cl)Cl)O[H],274.15,2.86,40.54,1,3,2,1,1,Moderate,6.5615,3,Good,-3.958,Medium,-0.053,0.4416,Yes,-5.0,No,-2.2721,No,0,True
ZINC001237123116,O=C1C([H])([H])C([H])([H])C([H])([H])[N+]([H])(C([H])([H])C1([H])[H])C([H])([H])c2c(c([H])c([H])c(c2Cl)F)O[H],272.73,1.32,41.74,2,2,2,1,1,Moderate,6.5162,3,Good,-2.898,Medium,-0.305,0.2585,Yes,-5.0,No,-2.7479,No,0,True
ZINC001237123116,O=C1C([H])([H])C([H])([H])C([H])([H])N(C([H])([H])C1([H])[H])C([H])([H])c2c(c([H])c([H])c(c2Cl)F)O[H],271.72,2.74,40.54,1,3,2,1,1,Moderate,6.5193,3,Good,-3.865,Medium,-0.072,0.4268,Yes,-5.0,No,-2.3118,No,0,True
ZINC001237123116,O=C1C([H])([H])C([H])([H])C([H])([H])N(C([H])([H])C1([H])[H])C([H])([H])c2c(c([H])c([H])c(c2Cl)F)[O-],270.71,2.11,43.37,0,3,2,1,1,Moderate,6.2107,3,Good,-3.56,Medium,-0.21,0.3782,Yes,-5.0,No,-2.5307,No,0,True
ZINC001237125464,O=C1C([H])([H])C([H])([H])[N+]([H])(C([H])([H])C1(F)F)C([H])([H])c2c(c([H])c([H])c(c2Cl)F)O[H],294.68,1.18,41.74,2,2,2,1,1,Moderate,6.5167,3,Good,-2.943,Medium,-0.329,0.2659,Yes,-5.0,No,-2.7694,No,0,True
ZINC001237125464,O=C1C([H])([H])C([H])([H])[N+]([H])(C([H])([H])C1(F)F)C([H])([H])c2c(c([H])c([H])c(c2Cl)F)[O-],293.67,0.55,44.57,1,2,2,1,1,Moderate,6.2081,3,Good,-2.639,Medium,-0.467,0.2174,Yes,-5.0,No,-2.9883,No,0,True
ZINC001237127687,C([H])([H])([H])[N+]([H])(C([H])([H])c1c(c([H])c([H])c(c1Cl)F)O[H])C([H])([H])c2c([H])c([H])nc([H])n2,282.73,1.19,50.45,2,3,4,2,1,Moderate,7.8673,3,Good,-2.89,Medium,-0.455,0.3426,Yes,-5.0,No,-2.8649,No,0,True
ZINC001237127687,C([H])([H])([H])N(C([H])([H])c1c(c([H])c([H])c(c1Cl)F)O[H])C([H])([H])c2c([H])c([H])nc([H])n2,281.72,2.61,49.25,1,4,4,2,1,Moderate,7.8704,3,Good,-3.857,Medium,-0.222,0.5109,Yes,-5.0,No,-2.4288,No,0,True
ZINC001237127687,C([H])([H])([H])N(C([H])([H])c1c(c([H])c([H])c(c1Cl)F)[O-])C([H])([H])c2c([H])c([H])nc([H])n2,280.71,1.97,52.08,0,4,4,2,1,Moderate,7.5618,3,Good,-3.552,Medium,-0.36,0.4623,Yes,-5.0,No,-2.6477,No,0,True
ZINC001237624215,C([H])([H])([H])[N+]([H])(C([H])([H])c1c([H])c(c([H])c(c1O[H])F)Cl)C([H])([H])c2c([H])nc([H])nc2[H],282.73,1.19,50.45,2,3,4,2,1,Moderate,7.8673,3,Good,-2.89,Medium,-0.455,0.3426,Yes,-5.0,No,-2.8649,No,0,True
ZINC001237624215,C([H])([H])([H])N(C([H])([H])c1c([H])c(c([H])c(c1O[H])F)Cl)C([H])([H])c2c([H])nc([H])nc2[H],281.72,2.61,49.25,1,4,4,2,1,Moderate,7.8704,3,Good,-3.857,Medium,-0.222,0.5109,Yes,-5.0,No,-2.4288,No,0,True
ZINC001237624215,C([H])([H])([H])N(C([H])([H])c1c([H])c(c([H])c(c1[O-])F)Cl)C([H])([H])c2c([H])nc([H])nc2[H],280.71,1.97,52.08,0,4,4,2,1,Moderate,7.5618,3,Good,-3.552,Medium,-0.36,0.4623,Yes,-5.0,No,-2.6477,No,0,True
ZINC001237803908,C([H])([H])([H])[N+]([H])(C([H])([H])c1c([H])c(c([H])c(c1O[H])Cl)F)C([H])([H])c2c([H])c([H])nc([H])n2,282.73,1.19,50.45,2,3,4,2,1,Moderate,7.8673,3,Good,-2.89,Medium,-0.455,0.3426,Yes,-5.0,No,-2.8649,No,0,True
ZINC001237803908,C([H])([H])([H])N(C([H])([H])c1c([H])c(c([H])c(c1O[H])Cl)F)C([H])([H])c2c([H])c([H])nc([H])n2,281.72,2.61,49.25,1,4,4,2,1,Moderate,7.8704,3,Good,-3.857,Medium,-0.222,0.5109,Yes,-5.0,No,-2.4288,No,0,True
ZINC001237803908,C([H])([H])([H])N(C([H])([H])c1c([H])c(c([H])c(c1[O-])Cl)F)C([H])([H])c2c([H])c([H])nc([H])n2,280.71,1.97,52.08,0,4,4,2,1,Moderate,7.5618,3,Good,-3.552,Medium,-0.36,0.4623,Yes,-5.0,No,-2.6477,No,0,True
ZINC001237950441,O=C1C([H])([H])C([H])([H])[N+]([H])(C([H])([H])C1(F)F)C([H])([H])c2c([H])c(c(c([H])c2O[H])Cl)F,294.68,1.18,41.74,2,2,2,1,1,Moderate,6.5167,3,Good,-2.943,Medium,-0.329,0.2659,Yes,-5.0,No,-2.7694,No,0,True
ZINC001237950441,O=C1C([H])([H])C([H])([H])N(C([H])([H])C1(F)F)C([H])([H])c2c([H])c(c(c([H])c2O[H])Cl)F,293.67,2.59,40.54,1,3,2,1,1,Moderate,6.5198,3,Good,-3.909,Medium,-0.096,0.4342,Yes,-5.0,No,-2.3333,No,0,True
ZINC001237950441,O=C1C([H])([H])C([H])([H])N(C([H])([H])C1(F)F)C([H])([H])c2c([H])c(c(c([H])c2[O-])Cl)F,292.66,1.96,43.37,0,3,2,1,1,Moderate,6.2112,3,Good,-3.605,Medium,-0.234,0.3857,Yes,-5.0,No,-2.5522,No,0,True
ZINC000296181855,C([H])([H])([H])Oc1c([H])c(c([H])c(c1O[H])C([H])([H])[N+]([H])(C2([H])C([H])([H])OC2([H])[H])C([H])(C([H])([H])[H])C([H])([H])[H])Cl,286.78,1.25,43.13,2,3,5,1,1,Moderate,7.3604,3,Good,-3.067,Medium,-0.339,0.2877,Yes,-5.0,No,-2.7706,No,0,True
ZINC000296181855,C([H])([H])([H])Oc1c([H])c(c([H])c(c1[O-])C([H])([H])[N+]([H])(C2([H])C([H])([H])OC2([H])[H])C([H])(C([H])([H])[H])C([H])([H])[H])Cl,285.77,0.61,45.96,1,3,5,1,1,Moderate,7.0518,3,Good,-2.763,Medium,-0.476,0.2391,Yes,-5.0,No,-2.9895,No,0,True
ZINC000296181855,C([H])([H])([H])Oc1c([H])c(c([H])c(c1[O-])C([H])([H])N(C2([H])C([H])([H])OC2([H])[H])C([H])(C([H])([H])[H])C([H])([H])[H])Cl,284.76,2.03,44.76,0,4,5,1,1,Moderate,7.0549,3,Good,-3.729,Medium,-0.243,0.4074,Yes,-5.0,No,-2.5534,No,0,True
ZINC000213194922,C([H])([H])([H])n1c([H])c([H])c(n1)C([H])([H])[N+]([H])([H])C([H])([H])c2c([H])c(c([H])c(c2[O-])Cl)Cl,286.16,1.06,57.49,1,3,4,2,1,Moderate,8.1406,3,Good,-2.933,Low,-0.579,0.3576,Yes,-5.0,No,-2.9695,No,0,True
ZINC000213194922,C([H])([H])([H])n1c([H])c([H])c(n1)C([H])([H])N([H])C([H])([H])c2c([H])c(c([H])c(c2[O-])Cl)Cl,285.15,2.09,52.91,1,4,4,2,1,Moderate,8.0884,3,Good,-3.553,Medium,-0.355,0.47,Yes,-5.0,No,-2.6169,No,0,True
ZINC000816546879,C([H])([H])([H])n1c([H])c(c([H])n1)N([H])C([H])([H])c2c([H])c(c(c([H])c2[O-])F)Cl,254.67,1.9,52.91,1,4,3,2,1,Moderate,7.7698,3,Good,-3.193,Medium,-0.381,0.4203,Yes,-5.0,No,-2.7049,No,0,True
ZINC001232259014,O([H])c1c([H])c(c(c([H])c1Cl)C([H])([H])[N+]2([H])C([H])([H])C(C2([H])[H])(C3([H])C([H])([H])C3([H])[H])F)O[H],272.73,1.27,44.9,3,2,3,1,1,Moderate,7.4159,3,Good,-2.814,Medium,-0.36,0.2493,Yes,-5.0,No,-2.7959,No,0,True
ZINC001232259014,[O-]c1c([H])c(c(c([H])c1Cl)C([H])([H])[N+]2([H])C([H])([H])C(C2([H])[H])(C3([H])C([H])([H])C3([H])[H])F)O[H],271.72,0.64,47.73,2,2,3,1,1,Moderate,7.1072,3,Good,-2.509,Medium,-0.498,0.2008,Yes,-5.0,No,-3.0148,No,0,True
ZINC001232259014,[O-]c1c([H])c(c(c([H])c1Cl)C([H])([H])N2C([H])([H])C(C2([H])[H])(C3([H])C([H])([H])C3([H])[H])F)O[H],270.71,2.05,46.53,1,3,3,1,1,Moderate,7.1104,3,Good,-3.476,Medium,-0.265,0.3691,Yes,-5.0,No,-2.5787,No,0,True
ZINC000883050802,[O-]c1c(c([H])c(c([H])c1C([H])([H])N([H])c2c([H])n(nc2[H])C([H])([H])C([H])(F)F)F)F,288.22,2.11,52.91,1,4,5,2,1,Moderate,8.3011,3,Good,-3.636,Medium,-0.352,0.4753,Yes,-5.0,No,-2.6072,No,0,True
ZINC000883203852,C([H])([H])([H])C([H])([H])n1nc([H])c(c1C([H])([H])[H])N([H])C([H])([H])c2c([H])c(c([H])c(c2[O-])F)F,266.27,2.18,52.91,1,4,4,2,1,Moderate,8.0761,3,Good,-3.489,Medium,-0.34,0.4596,Yes,-5.0,No,-2.6102,No,0,True
ZINC000825451237,C([H])([H])([H])c1c([H])c(c(c([H])c1Cl)C([H])([H])[N+]2([H])C([H])([H])C([H])([H])C([H])([H])C3(OC([H])([H])C([H])([H])O3)C2([H])[H])O[H],298.79,1.28,43.13,2,3,2,1,1,Moderate,6.7933,3,Good,-3.01,Medium,-0.335,0.3026,Yes,-5.0,No,-2.7498,No,0,True
ZINC000825451237,C([H])([H])([H])c1c([H])c(c(c([H])c1Cl)C([H])([H])N2C([H])([H])C([H])([H])C([H])([H])C3(OC([H])([H])C([H])([H])O3)C2([H])[H])O[H],297.78,2.69,41.93,1,4,2,1,1,Moderate,6.7964,3,Good,-3.977,Medium,-0.102,0.4709,Yes,-5.0,No,-2.3136,No,0,True
ZINC001237621467,C([H])([H])([H])c1nc([H])c(c([H])n1)C([H])([H])[N+]([H])(C([H])([H])c2c([H])c(c([H])c(c2O[H])F)Cl)C([H])([H])[H],296.75,1.5,50.45,2,3,4,2,1,Moderate,7.9879,3,Good,-3.172,Medium,-0.41,0.3875,Yes,-5.0,No,-2.7583,No,0,True
ZINC001237621467,C([H])([H])([H])c1nc([H])c(c([H])n1)C([H])([H])N(C([H])([H])c2c([H])c(c([H])c(c2O[H])F)Cl)C([H])([H])[H],295.75,2.92,49.25,1,4,4,2,1,Moderate,7.991,2,Low,-4.138,Medium,-0.176,0.5558,Yes,-5.0,No,-2.3222,No,0,True
ZINC001237621467,C([H])([H])([H])c1nc([H])c(c([H])n1)C([H])([H])N(C([H])([H])c2c([H])c(c([H])c(c2[O-])F)Cl)C([H])([H])[H],294.74,2.28,52.08,0,4,4,2,1,Moderate,7.6824,3,Good,-3.834,Medium,-0.314,0.5072,Yes,-5.0,No,-2.5411,No,0,True
ZINC000042411926,C([H])([H])([H])n1c([H])c(c([H])n1)N([H])C([H])([H])c2c([H])c([H])c([H])c(c2O[H])Br,282.14,2.5,50.08,2,4,3,2,1,Moderate,8.1224,3,Good,-3.642,Medium,-0.25,0.4923,Yes,-5.0,No,-2.4686,No,0,True
ZINC000042411926,C([H])([H])([H])n1c([H])c(c([H])n1)N([H])C([H])([H])c2c([H])c([H])c([H])c(c2[O-])Br,281.13,1.87,52.91,1,4,3,2,1,Moderate,7.8138,3,Good,-3.338,Medium,-0.388,0.4438,Yes,-5.0,No,-2.6875,No,0,True
ZINC001236793118,O=C1C([H])([H])C([H])([H])[N+]([H])(C([H])([H])C1([H])[H])C([H])([H])c2c([H])c(c(c([H])c2O[H])Cl)Cl,275.15,1.45,41.74,2,2,2,1,1,Moderate,6.5584,3,Good,-2.991,Medium,-0.286,0.2733,Yes,-5.0,No,-2.7082,No,0,True
ZINC001236793118,O=C1C([H])([H])C([H])([H])N(C([H])([H])C1([H])[H])C([H])([H])c2c([H])c(c(c([H])c2O[H])Cl)Cl,274.15,2.86,40.54,1,3,2,1,1,Moderate,6.5615,3,Good,-3.958,Medium,-0.053,0.4416,Yes,-5.0,No,-2.2721,No,0,True
ZINC000876600858,C([H])([H])([H])OC([H])([H])C([H])([H])[N+]([H])(C([H])([H])c1c([H])c([H])c(c(c1[O-])F)F)C([H])([H])c2c([H])c([H])c([H])o2,297.3,0.86,49.87,1,3,7,2,1,Moderate,7.9405,3,Good,-3.025,Medium,-0.498,0.3333,Yes,-5.0,No,-2.9425,No,0,True
ZINC000876600858,C([H])([H])([H])OC([H])([H])C([H])([H])N(C([H])([H])c1c([H])c([H])c(c(c1[O-])F)F)C([H])([H])c2c([H])c([H])c([H])o2,296.29,2.28,48.67,0,4,7,2,1,Moderate,7.9436,3,Good,-3.991,Medium,-0.264,0.5016,Yes,-5.0,No,-2.5064,No,0,True
ZINC001233415885,C([H])([H])([H])[N+]([H])(C([H])([H])c1nc([H])c([H])c([H])n1)C([H])([H])c2c([H])c([H])c([H])c(c2O[H])C(F)(F)F,298.29,1.42,50.45,2,3,4,2,1,Moderate,7.9663,3,Good,-3.129,Medium,-0.422,0.3808,Yes,-5.0,No,-2.7814,No,0,True
ZINC001233415885,C([H])([H])([H])N(C([H])([H])c1nc([H])c([H])c([H])n1)C([H])([H])c2c([H])c([H])c([H])c(c2O[H])C(F)(F)F,297.28,2.83,49.25,1,4,4,2,1,Moderate,7.9695,3,Good,-4.096,Medium,-0.189,0.5491,Yes,-5.0,No,-2.3453,No,0,True
ZINC000876611314,C([H])([H])([H])c1noc(c1C([H])([H])[N+]([H])(C([H])([H])c2c([H])c([H])c(c(c2[O-])F)F)C([H])([H])[H])C([H])([H])[H],282.29,0.86,53.53,1,3,4,2,1,Moderate,7.675,3,Good,-2.779,Low,-0.551,0.3252,Yes,-5.0,No,-2.9956,No,0,True
ZINC000876611314,C([H])([H])([H])c1noc(c1C([H])([H])N(C([H])([H])c2c([H])c([H])c(c(c2[O-])F)F)C([H])([H])[H])C([H])([H])[H],281.28,2.28,52.33,0,4,4,2,1,Moderate,7.6781,3,Good,-3.745,Medium,-0.318,0.4935,Yes,-5.0,No,-2.5594,No,0,True
ZINC000876741111,C([H])([H])([H])C([H])([H])n1c([H])c(c([H])n1)C([H])([H])[N+]([H])(C([H])([H])c2c([H])c([H])c(c(c2[O-])F)F)C([H])([H])[H],281.31,0.47,45.32,1,3,5,2,1,Moderate,6.9355,3,Good,-2.578,Medium,-0.488,0.2689,Yes,-5.0,No,-3.031,No,0,True
ZINC000876741111,C([H])([H])([H])C([H])([H])n1c([H])c(c([H])n1)C([H])([H])N(C([H])([H])c2c([H])c([H])c(c(c2[O-])F)F)C([H])([H])[H],280.3,1.89,44.12,0,4,5,2,1,Moderate,6.9386,3,Good,-3.545,Medium,-0.255,0.4372,Yes,-5.0,No,-2.5949,No,0,True
ZINC000401784454,C([H])([H])([H])C([H])([H])C([H])([H])C([H])([H])Oc1c([H])c([H])c(c([H])c1[H])C([H])([H])[N+]([H])([H])C([H])([H])C([H])([H])c2c([H])nc([H])n2C([H])([H])[H],288.41,1.91,43.66,1,3,9,2,1,Moderate,8.0144,3,Good,-3.726,Medium,-0.246,0.4162,Yes,-5.0,No,-2.5767,No,0,True
ZINC000623085973,C([H])([H])([H])C([H])([H])C([H])([H])Oc1c([H])c([H])c(c(c1[H])C([H])([H])[H])C([H])([H])[N+]([H])([H])C([H])([H])C([H])([H])c2c([H])nc([H])n2C([H])([H])[H],288.41,1.82,43.66,1,3,8,2,1,Moderate,7.7899,3,Good,-3.625,Medium,-0.259,0.4081,Yes,-5.0,No,-2.6012,No,0,True
ZINC000623086474,C([H])([H])([H])C([H])([H])C([H])([H])C([H])([H])Oc1c([H])c([H])c([H])c([H])c1C([H])([H])[N+]([H])([H])C([H])([H])C([H])([H])c2c([H])nc([H])n2C([H])([H])[H],288.41,1.91,43.66,1,3,9,2,1,Moderate,8.0144,3,Good,-3.726,Medium,-0.246,0.4162,Yes,-5.0,No,-2.5767,No,0,True
