Name,Canonical_SMILES,SMILES
ZINC001237078403,Oc1ccc(Cl)c(Cl)c1C[NH+]2CCC(=O)CC2,O=C1C([H])([H])C([H])([H])[N+]([H])(C([H])([H])C1([H])[H])C([H])([H])c2c(c([H])c([H])c(c2Cl)Cl)O[H]
ZINC001237078403,Oc1ccc(Cl)c(Cl)c1CN2CCC(=O)CC2,O=C1C([H])([H])C([H])([H])N(C([H])([H])C1([H])[H])C([H])([H])c2c(c([H])c([H])c(c2Cl)Cl)O[H]
ZINC001237123116,Oc1ccc(F)c(Cl)c1C[NH+]2CCCC(=O)CC2,O=C1C([H])([H])C([H])([H])C([H])([H])[N+]([H])(C([H])([H])C1([H])[H])C([H])([H])c2c(c([H])c([H])c(c2Cl)F)O[H]
ZINC001237123116,Oc1ccc(F)c(Cl)c1CN2CCCC(=O)CC2,O=C1C([H])([H])C([H])([H])C([H])([H])N(C([H])([H])C1([H])[H])C([H])([H])c2c(c([H])c([H])c(c2Cl)F)O[H]
ZINC001237123116,[O-]c1ccc(F)c(Cl)c1CN2CCCC(=O)CC2,O=C1C([H])([H])C([H])([H])C([H])([H])N(C([H])([H])C1([H])[H])C([H])([H])c2c(c([H])c([H])c(c2Cl)F)[O-]
ZINC001237125464,Oc1ccc(F)c(Cl)c1C[NH+]2CCC(=O)C(F)(F)C2,O=C1C([H])([H])C([H])([H])[N+]([H])(C([H])([H])C1(F)F)C([H])([H])c2c(c([H])c([H])c(c2Cl)F)O[H]
ZINC001237125464,[O-]c1ccc(F)c(Cl)c1C[NH+]2CCC(=O)C(F)(F)C2,O=C1C([H])([H])C([H])([H])[N+]([H])(C([H])([H])C1(F)F)C([H])([H])c2c(c([H])c([H])c(c2Cl)F)[O-]
ZINC001237127687,C[NH+](Cc1ccncn1)Cc2c(O)ccc(F)c2Cl,C([H])([H])([H])[N+]([H])(C([H])([H])c1c(c([H])c([H])c(c1Cl)F)O[H])C([H])([H])c2c([H])c([H])nc([H])n2
ZINC001237127687,CN(Cc1ccncn1)Cc2c(O)ccc(F)c2Cl,C([H])([H])([H])N(C([H])([H])c1c(c([H])c([H])c(c1Cl)F)O[H])C([H])([H])c2c([H])c([H])nc([H])n2
ZINC001237127687,CN(Cc1ccncn1)Cc2c([O-])ccc(F)c2Cl,C([H])([H])([H])N(C([H])([H])c1c(c([H])c([H])c(c1Cl)F)[O-])C([H])([H])c2c([H])c([H])nc([H])n2
ZINC001237624215,C[NH+](Cc1cncnc1)Cc2cc(Cl)cc(F)c2O,C([H])([H])([H])[N+]([H])(C([H])([H])c1c([H])c(c([H])c(c1O[H])F)Cl)C([H])([H])c2c([H])nc([H])nc2[H]
ZINC001237624215,CN(Cc1cncnc1)Cc2cc(Cl)cc(F)c2O,C([H])([H])([H])N(C([H])([H])c1c([H])c(c([H])c(c1O[H])F)Cl)C([H])([H])c2c([H])nc([H])nc2[H]
ZINC001237624215,CN(Cc1cncnc1)Cc2cc(Cl)cc(F)c2[O-],C([H])([H])([H])N(C([H])([H])c1c([H])c(c([H])c(c1[O-])F)Cl)C([H])([H])c2c([H])nc([H])nc2[H]
ZINC001237803908,C[NH+](Cc1ccncn1)Cc2cc(F)cc(Cl)c2O,C([H])([H])([H])[N+]([H])(C([H])([H])c1c([H])c(c([H])c(c1O[H])Cl)F)C([H])([H])c2c([H])c([H])nc([H])n2
ZINC001237803908,CN(Cc1ccncn1)Cc2cc(F)cc(Cl)c2O,C([H])([H])([H])N(C([H])([H])c1c([H])c(c([H])c(c1O[H])Cl)F)C([H])([H])c2c([H])c([H])nc([H])n2
ZINC001237803908,CN(Cc1ccncn1)Cc2cc(F)cc(Cl)c2[O-],C([H])([H])([H])N(C([H])([H])c1c([H])c(c([H])c(c1[O-])Cl)F)C([H])([H])c2c([H])c([H])nc([H])n2
ZINC001237950441,Oc1cc(Cl)c(F)cc1C[NH+]2CCC(=O)C(F)(F)C2,O=C1C([H])([H])C([H])([H])[N+]([H])(C([H])([H])C1(F)F)C([H])([H])c2c([H])c(c(c([H])c2O[H])Cl)F
ZINC001237950441,Oc1cc(Cl)c(F)cc1CN2CCC(=O)C(F)(F)C2,O=C1C([H])([H])C([H])([H])N(C([H])([H])C1(F)F)C([H])([H])c2c([H])c(c(c([H])c2O[H])Cl)F
ZINC001237950441,[O-]c1cc(Cl)c(F)cc1CN2CCC(=O)C(F)(F)C2,O=C1C([H])([H])C([H])([H])N(C([H])([H])C1(F)F)C([H])([H])c2c([H])c(c(c([H])c2[O-])Cl)F
ZINC000296181855,COc1cc(Cl)cc(C[NH+](C(C)C)C2COC2)c1O,C([H])([H])([H])Oc1c([H])c(c([H])c(c1O[H])C([H])([H])[N+]([H])(C2([H])C([H])([H])OC2([H])[H])C([H])(C([H])([H])[H])C([H])([H])[H])Cl
ZINC000296181855,COc1cc(Cl)cc(C[NH+](C(C)C)C2COC2)c1[O-],C([H])([H])([H])Oc1c([H])c(c([H])c(c1[O-])C([H])([H])[N+]([H])(C2([H])C([H])([H])OC2([H])[H])C([H])(C([H])([H])[H])C([H])([H])[H])Cl
ZINC000296181855,COc1cc(Cl)cc(CN(C(C)C)C2COC2)c1[O-],C([H])([H])([H])Oc1c([H])c(c([H])c(c1[O-])C([H])([H])N(C2([H])C([H])([H])OC2([H])[H])C([H])(C([H])([H])[H])C([H])([H])[H])Cl
ZINC000213194922,Cn1ccc(C[NH2+]Cc2cc(Cl)cc(Cl)c2[O-])n1,C([H])([H])([H])n1c([H])c([H])c(n1)C([H])([H])[N+]([H])([H])C([H])([H])c2c([H])c(c([H])c(c2[O-])Cl)Cl
ZINC000213194922,Cn1ccc(CNCc2cc(Cl)cc(Cl)c2[O-])n1,C([H])([H])([H])n1c([H])c([H])c(n1)C([H])([H])N([H])C([H])([H])c2c([H])c(c([H])c(c2[O-])Cl)Cl
ZINC000816546879,Cn1cc(NCc2cc(Cl)c(F)cc2[O-])cn1,C([H])([H])([H])n1c([H])c(c([H])n1)N([H])C([H])([H])c2c([H])c(c(c([H])c2[O-])F)Cl
ZINC001232259014,Oc1cc(O)c(C[NH+]2CC(F)(C2)C3CC3)cc1Cl,O([H])c1c([H])c(c(c([H])c1Cl)C([H])([H])[N+]2([H])C([H])([H])C(C2([H])[H])(C3([H])C([H])([H])C3([H])[H])F)O[H]
ZINC001232259014,Oc1cc([O-])c(Cl)cc1C[NH+]2CC(F)(C2)C3CC3,[O-]c1c([H])c(c(c([H])c1Cl)C([H])([H])[N+]2([H])C([H])([H])C(C2([H])[H])(C3([H])C([H])([H])C3([H])[H])F)O[H]
ZINC001232259014,Oc1cc([O-])c(Cl)cc1CN2CC(F)(C2)C3CC3,[O-]c1c([H])c(c(c([H])c1Cl)C([H])([H])N2C([H])([H])C(C2([H])[H])(C3([H])C([H])([H])C3([H])[H])F)O[H]
ZINC000883050802,[O-]c1c(F)cc(F)cc1CNc2cnn(CC(F)F)c2,[O-]c1c(c([H])c(c([H])c1C([H])([H])N([H])c2c([H])n(nc2[H])C([H])([H])C([H])(F)F)F)F
ZINC000883203852,CCn1ncc(NCc2cc(F)cc(F)c2[O-])c1C,C([H])([H])([H])C([H])([H])n1nc([H])c(c1C([H])([H])[H])N([H])C([H])([H])c2c([H])c(c([H])c(c2[O-])F)F
ZINC000825451237,Cc1cc(O)c(C[NH+]2CCCC3(C2)OCCO3)cc1Cl,C([H])([H])([H])c1c([H])c(c(c([H])c1Cl)C([H])([H])[N+]2([H])C([H])([H])C([H])([H])C([H])([H])C3(OC([H])([H])C([H])([H])O3)C2([H])[H])O[H]
ZINC000825451237,Cc1cc(O)c(CN2CCCC3(C2)OCCO3)cc1Cl,C([H])([H])([H])c1c([H])c(c(c([H])c1Cl)C([H])([H])N2C([H])([H])C([H])([H])C([H])([H])C3(OC([H])([H])C([H])([H])O3)C2([H])[H])O[H]
ZINC001237621467,C[NH+](Cc1cnc(C)nc1)Cc2cc(Cl)cc(F)c2O,C([H])([H])([H])c1nc([H])c(c([H])n1)C([H])([H])[N+]([H])(C([H])([H])c2c([H])c(c([H])c(c2O[H])F)Cl)C([H])([H])[H]
ZINC001237621467,CN(Cc1cnc(C)nc1)Cc2cc(Cl)cc(F)c2O,C([H])([H])([H])c1nc([H])c(c([H])n1)C([H])([H])N(C([H])([H])c2c([H])c(c([H])c(c2O[H])F)Cl)C([H])([H])[H]
ZINC001237621467,CN(Cc1cnc(C)nc1)Cc2cc(Cl)cc(F)c2[O-],C([H])([H])([H])c1nc([H])c(c([H])n1)C([H])([H])N(C([H])([H])c2c([H])c(c([H])c(c2[O-])F)Cl)C([H])([H])[H]
ZINC000042411926,Cn1cc(NCc2cccc(Br)c2O)cn1,C([H])([H])([H])n1c([H])c(c([H])n1)N([H])C([H])([H])c2c([H])c([H])c([H])c(c2O[H])Br
ZINC000042411926,Cn1cc(NCc2cccc(Br)c2[O-])cn1,C([H])([H])([H])n1c([H])c(c([H])n1)N([H])C([H])([H])c2c([H])c([H])c([H])c(c2[O-])Br
ZINC001236793118,Oc1cc(Cl)c(Cl)cc1C[NH+]2CCC(=O)CC2,O=C1C([H])([H])C([H])([H])[N+]([H])(C([H])([H])C1([H])[H])C([H])([H])c2c([H])c(c(c([H])c2O[H])Cl)Cl
ZINC001236793118,Oc1cc(Cl)c(Cl)cc1CN2CCC(=O)CC2,O=C1C([H])([H])C([H])([H])N(C([H])([H])C1([H])[H])C([H])([H])c2c([H])c(c(c([H])c2O[H])Cl)Cl
ZINC000876600858,COCC[NH+](Cc1occc1)Cc2ccc(F)c(F)c2[O-],C([H])([H])([H])OC([H])([H])C([H])([H])[N+]([H])(C([H])([H])c1c([H])c([H])c(c(c1[O-])F)F)C([H])([H])c2c([H])c([H])c([H])o2
ZINC000876600858,COCCN(Cc1occc1)Cc2ccc(F)c(F)c2[O-],C([H])([H])([H])OC([H])([H])C([H])([H])N(C([H])([H])c1c([H])c([H])c(c(c1[O-])F)F)C([H])([H])c2c([H])c([H])c([H])o2
ZINC001233415885,C[NH+](Cc1cccc(c1O)C(F)(F)F)Cc2ncccn2,C([H])([H])([H])[N+]([H])(C([H])([H])c1nc([H])c([H])c([H])n1)C([H])([H])c2c([H])c([H])c([H])c(c2O[H])C(F)(F)F
ZINC001233415885,CN(Cc1cccc(c1O)C(F)(F)F)Cc2ncccn2,C([H])([H])([H])N(C([H])([H])c1nc([H])c([H])c([H])n1)C([H])([H])c2c([H])c([H])c([H])c(c2O[H])C(F)(F)F
ZINC000876611314,C[NH+](Cc1ccc(F)c(F)c1[O-])Cc2c(C)onc2C,C([H])([H])([H])c1noc(c1C([H])([H])[N+]([H])(C([H])([H])c2c([H])c([H])c(c(c2[O-])F)F)C([H])([H])[H])C([H])([H])[H]
ZINC000876611314,CN(Cc1ccc(F)c(F)c1[O-])Cc2c(C)onc2C,C([H])([H])([H])c1noc(c1C([H])([H])N(C([H])([H])c2c([H])c([H])c(c(c2[O-])F)F)C([H])([H])[H])C([H])([H])[H]
ZINC000876741111,CCn1cc(C[NH+](C)Cc2ccc(F)c(F)c2[O-])cn1,C([H])([H])([H])C([H])([H])n1c([H])c(c([H])n1)C([H])([H])[N+]([H])(C([H])([H])c2c([H])c([H])c(c(c2[O-])F)F)C([H])([H])[H]
ZINC000876741111,CCn1cc(CN(C)Cc2ccc(F)c(F)c2[O-])cn1,C([H])([H])([H])C([H])([H])n1c([H])c(c([H])n1)C([H])([H])N(C([H])([H])c2c([H])c([H])c(c(c2[O-])F)F)C([H])([H])[H]
ZINC000401784454,CCCCOc1ccc(C[NH2+]CCc2cncn2C)cc1,C([H])([H])([H])C([H])([H])C([H])([H])C([H])([H])Oc1c([H])c([H])c(c([H])c1[H])C([H])([H])[N+]([H])([H])C([H])([H])C([H])([H])c2c([H])nc([H])n2C([H])([H])[H]
ZINC000623085973,CCCOc1ccc(C[NH2+]CCc2cncn2C)c(C)c1,C([H])([H])([H])C([H])([H])C([H])([H])Oc1c([H])c([H])c(c(c1[H])C([H])([H])[H])C([H])([H])[N+]([H])([H])C([H])([H])C([H])([H])c2c([H])nc([H])n2C([H])([H])[H]
ZINC000623086474,CCCCOc1ccccc1C[NH2+]CCc2cncn2C,C([H])([H])([H])C([H])([H])C([H])([H])C([H])([H])Oc1c([H])c([H])c([H])c([H])c1C([H])([H])[N+]([H])([H])C([H])([H])C([H])([H])c2c([H])nc([H])n2C([H])([H])[H]